Smiles,IC50_uM,pIC50
N#Cc1cc(Cl)cc(Oc2cc(OCC(=O)Nc3ccc(S(N)(=O)=O)cc3Cl)ccc2Cl)c1,0.00028,9.552841969
CS(=O)(=O)c1ccc2c(c1)CCN2C(=O)COc1ccc(Cl)c(Oc2cc(Cl)cc(C#N)c2)c1,0.00033,9.48148606
Cc1cc(C#N)cc(C)c1Nc1nc(Nc2ccc(C#N)cc2)ncc1Br,0.0004,9.397940009
N#Cc1cc(Cl)cc(Oc2cc(OCc3n[nH]c4nc(N)ccc34)ccc2Cl)c1,0.0004,9.397940009
N#Cc1cc(Cl)cc(Oc2cc(OCc3n[nH]c4ncccc34)ccc2Cl)c1,0.0005,9.301029996
Cc1cc(C#N)cc(C(=O)c2cc(Cl)ccc2OCC(=O)Nc2ccc(S(N)(=O)=O)cc2C)c1,0.0008913,9.049976093
Cc1cc(S(N)(=O)=O)ccc1NC(=O)COc1ccc(Cl)cc1C(=O)c1cc(Cl)cc(C#N)c1,0.001,9
CCc1c(C)[nH]c(=O)c(N(C)CCOC)c1Cc1cccc(C)c1,0.001,9
N#Cc1cc(Cl)cc(Oc2c(F)c(CCc3ccncc3)[nH]c(=O)c2Br)c1,0.001,9
Cc1cc(S(N)(=O)=O)ccc1NC(=O)COc1ccc(Cl)cc1C(=O)c1cc(C#N)cc(C(F)(F)F)c1,0.001096,8.960189446
N#Cc1cc(Cl)cc(Oc2cc(OCc3n[nH]c4ccccc34)ccc2Cl)c1,0.0011,8.958607315
Cc1cc(C#N)cc(C)c1Nc1nc(Nc2ccc(C#N)cc2)ncc1Cl,0.0012,8.920818754
Cc1cc(C#N)ccc1-c1ccnc(NCc2n[nH]c3ncccc23)c1,0.0012,8.920818754
C#C[C@]1(CO)O[C@@H](n2cnc3c(N)nc(N)nc32)C[C@@H]1O,0.0013,8.886056648
Cc1cc(/C=C/C#N)cc(C)c1Nc1nc(Nc2ccc(C#N)cc2)nc(OCCCN2CCOCC2)n1,0.0013,8.886056648
N#Cc1cc(Cl)cc(Oc2cc(OCc3n[nH]c4cnccc34)ccc2Cl)c1,0.0013,8.886056648
CS(=O)(=O)c1ccc(NC(=O)COc2ccc(Cl)c(Oc3cc(Cl)cc(C#N)c3)c2)c(Cl)c1,0.00133,8.876148359
C#C[C@]1(CO)O[C@@H](n2cnc3c(=O)[nH]c(N)nc32)C[C@@H]1O,0.0014,8.853871964
N#Cc1cc(Cl)cc(Oc2cc(OCc3nc4cccc(Cl)c4o3)ccc2Cl)c1,0.00141,8.850780887
C#C[C@]1(CO)O[C@@H](n2ccc(N)nc2=O)C[C@@H]1O,0.0015,8.823908741
Cc1cc(S(N)(=O)=O)ccc1NC(=O)COc1ccc(Cl)cc1C(=O)c1cccc(C#N)c1,0.001514,8.819874125
Cc1cc(C(C#N)c2ccccc2F)nc(Nc2ccc(C#N)cc2)n1,0.0018,8.744727495
N#Cc1cc2c(Oc3ccccc3OCCn3ccc(=O)[nH]c3=O)cccn2c1,0.0019,8.721246399
Cc1cc(S(N)(=O)=O)ccc1NC(=O)COc1ccc(Cl)cc1C(=O)c1cc(F)cc(C(F)(F)F)c1,0.001995,8.7000571
CNS(=O)(=O)c1ccc(NC(=O)COc2ccc(Cl)cc2C(=O)c2cc(F)cc(C(F)(F)F)c2)c(C)c1,0.001995,8.7000571
Cc1cc(Cc2ccc(Cl)c(Oc3cc(F)cc(C#N)c3)c2F)n[nH]c1=O,0.002,8.698970004
CCc1c(C)[nH]c(=O)c(N(C)CCOC)c1Cc1cc(C)cc(C)c1,0.002,8.698970004
CO[C@@H](c1nc(SC(C)C)[nH]c(=O)c1C)c1c(F)cccc1Cl,0.002,8.698970004
NCCCNC(=O)c1ccc(NC(=O)CSC(=O)N2CCCc3cc(Cl)cc(Cl)c32)c(Cl)c1,0.002,8.698970004
N#C/C=C/c1cc(Cl)cc(Oc2ccccc2OCCn2ccc(=O)[nH]c2=O)c1,0.0021,8.677780705
N#C/C=C/c1cc(F)cc(Oc2ccc(F)cc2OCCn2ccc(=O)[nH]c2=O)c1,0.0022,8.657577319
N#Cc1ccc(Nc2nccc(Oc3ccc4ccccc4c3Br)n2)cc1,0.00235,8.628932138
Cc1[nH]c(=O)c(Cl)c(Oc2cc(Cl)cc(C#N)c2)c1CCCc1ccncc1,0.003,8.522878745
Cc1cc(C)cc(S(=O)(=O)c2c(C(=O)NC(C)CS(N)(=O)=O)[nH]c3ccc(Br)cc23)c1,0.003,8.522878745
Cc1cc(C)cc(S(=O)(=O)c2c(C(N)=O)[nH]c3ccc(Cl)c(F)c23)c1,0.003,8.522878745
Cc1ccc2c(c1)CCCN2C(=O)SCC(=O)Nc1ccc(S(N)(=O)=O)cc1Cl,0.003,8.522878745
CCC(C)Sc1nc(C(OC)c2c(F)cccc2F)c(C)c(=O)[nH]1,0.003,8.522878745
CCc1c(C)[nH]c(=O)c(N(C)CCCO)c1Cc1cccc(C)c1,0.003,8.522878745
N#Cc1cc(Cl)cc(Oc2c(Br)ccc(Cc3n[nH]c4nnccc34)c2F)c1,0.003,8.522878745
Cc1nc(S(N)(=O)=O)ccc1NC(=O)COc1ccc(Cl)cc1C(=O)c1cc(Cl)cc(C#N)c1,0.00302,8.519993057
Cc1cc(C#N)cc(C)c1Oc1nc(NC2CCN(Cc3ccc(S(N)(=O)=O)cc3)CC2)nc2ccsc12,0.00325,8.488116639
Cc1cc(C)cc(C(=O)c2cc(Cl)ccc2OCC(=O)Nc2ccc(S(N)(=O)=O)cc2C)c1,0.003311,8.480040819
N#Cc1cc(Cl)cc(Oc2cc(Cl)cc(OCC(=O)Nc3ccc(S(N)(=O)=O)cc3Cl)c2)c1,0.00348,8.458420756
Cc1cc(Cl)cc(C(=O)c2cc(Cl)ccc2OCC(=O)Nc2ccc(S(N)(=O)=O)cc2C)c1,0.003631,8.439973751
N#Cc1cc(Cl)cc(Oc2cc(OCc3n[nH]c4ccncc34)ccc2Cl)c1,0.0038,8.420216403
Cc1cc(OCCCNC(N)=O)ccc1NC(=O)COc1ccc(Cl)cc1C(=O)c1cc(F)cc(C(F)(F)F)c1,0.003981,8.400007822
Cc1cc(OCCCS(N)(=O)=O)ccc1NC(=O)COc1ccc(Cl)cc1C(=O)c1cc(F)cc(C(F)(F)F)c1,0.003981,8.400007822
Cc1cc(C)cc(S(=O)(=O)c2c(C(=O)NC(C)CS(N)(=O)=O)[nH]c3ccc(Cl)cc23)c1,0.004,8.397940009
CCc1c(C)[nH]c(=O)c(N(C)CC#N)c1Cc1cccc(C)c1,0.004,8.397940009
CCc1c(C)[nH]c(=O)c(N(C)CCCCCO)c1Cc1cc(C)cc(C)c1,0.004,8.397940009
N#Cc1cc(Cl)cc(Oc2cc(CCc3nc4ccccc4o3)[nH]c(=O)c2Cl)c1,0.004,8.397940009
NS(=O)(=O)c1ccc(NC(=O)CSC(=O)N2CCCc3cc(Cl)cc(Cl)c32)c(Cl)c1,0.004,8.397940009
O=C(CSC(=O)N1CCCc2cc(Cl)cc(Cl)c21)Nc1ccc(C(=O)NCc2ccccc2)cc1Cl,0.004,8.397940009
O=C(CSC(=O)N1CCCc2cc(Cl)cc(Cl)c21)Nc1ccccc1Cl,0.004,8.397940009
Cc1cc(C#N)cc(C)c1Oc1nc(NC2CCN(Cc3ccc(S(N)(=O)=O)cc3)CC2)nc2cc[nH]c12,0.00424,8.372634143
C#C[C@]1(CO)O[C@@H](n2cc(C)c(N)nc2=O)C[C@@H]1O,0.0045,8.346787486
C#C[C@]1(CO)OC(N2C=CC(N)NC2=O)[C@@H](O)[C@@H]1O,0.0048,8.318758763
Cc1cc(Cc2ccc(Cl)c(Oc3cc(C#N)cc(C#N)c3)c2F)n[nH]c1=O,0.005,8.301029996
CCc1c(C)[nH]c(=O)c(N(C)CCCC#N)c1Cc1cccc(C)c1,0.005,8.301029996
CCc1c(C)[nH]c(=O)c(N(C)CCO)c1Cc1cccc(C)c1,0.005,8.301029996
COc1ccc(CN(C)c2nc(Cc3c(Cl)cccc3Cl)c(C)c(=O)[nH]2)cc1,0.005,8.301029996
O=C1c2ccccc2C(=O)N1CCOC(=S)N(C(=O)c1ccnc(Cl)c1)c1ccc(Cl)cc1,0.005,8.301029996
Cc1cc(S(N)(=O)=O)ncc1NC(=O)COc1ccc(Cl)cc1C(=O)c1cc(Cl)cc(C#N)c1,0.005012,8.299988938
Cc1cc(C#N)cc(C)c1Oc1nc(NC2CCC(NCc3ccc(S(C)(=O)=O)cc3)CC2)nc2c1S(=O)(=O)C=C2,0.00514,8.289036881
N#Cc1cc(Cl)cc(Oc2cc(OCc3nc4cccc(Cl)c4s3)ccc2Cl)c1,0.00515,8.288192771
C#C[C@]1(CO)O[C@@H](n2cnc3c(N)ncnc32)C[C@@H]1O,0.0054,8.26760624
Cc1cc(/C=C/C#N)cc(C)c1Oc1nc(NC2CCN(Cc3ccc(S(N)(=O)=O)cc3)CC2)nc2ccsc12,0.0055,8.259637311
Cc1cc(Br)cc(C)c1Sc1ccnc(Nc2ccc(C#N)cc2)n1,0.0057,8.244125144
COc1cc2nc([S+]([O-])CC(=O)Nc3ccc(C#N)cc3)nc(Nc3c(C)cc(/C=C/C#N)cc3C)c2cc1OC,0.0057,8.244125144
Cc1cc(C#N)cc(C)c1Oc1nc(NC2CCN(Cc3ccc(C(N)=O)cc3)CC2)nc2cc[nH]c12,0.00572,8.242603971
Cc1[nH]c(=O)c(Cl)c(Oc2cc(Cl)cc(C#N)c2)c1CCOc1ccccc1,0.006,8.22184875
Cc1cc(C#N)cc(F)c1Oc1nc(NC2CCN(c3cccc(C(N)=O)c3)CC2)ncc1Br,0.006,8.22184875
Cc1cnc(NC2CCN(c3cccc(C(N)=O)c3)CC2)nc1Oc1c(C)cc(C#N)cc1Cl,0.006,8.22184875
CCC(c1nc(SC(C)C)[nH]c(=O)c1C)c1c(F)cccc1Cl,0.006,8.22184875
CCc1c(C)[nH]c(=O)c(N(C)C(C)COC)c1Cc1cc(C)cc(C)c1,0.006,8.22184875
Cc1cc(/C=C/C#N)cc(C)c1Oc1nc(NC2CCN(Cc3cccc(C#N)c3)CC2)nc2ccsc12,0.00602,8.220403509
Cc1cc(C#N)cc(C(=O)c2cc(Cl)ccc2OCC(=O)Nc2ccc(S(N)(=O)=O)nc2C)c1,0.006026,8.219970873
Cc1cc(S(=O)(=O)N(C)C)ccc1NC(=O)COc1ccc(Cl)cc1C(=O)c1cc(F)cc(C(F)(F)F)c1,0.006026,8.219970873
Cc1cc(C#N)cc(C)c1Oc1nc(NC2CCN(Cc3cc(=O)[nH]c(=O)[nH]3)CC2)nc2ccsc12,0.00613,8.212539525
Cc1cc(S(N)(=O)=O)ccc1NC(=O)COc1ccc(Cl)cc1C(=O)c1cc(Cl)cc(Br)c1,0.006166,8.20999648
Cc1cc(/C=C/C#N)cc(C)c1Oc1nc(NC2CCN(Cc3cccc(C(N)=O)c3)CC2)nc2ccsc12,0.00628,8.202040356
O=C(NCc1ccncc1)c1[nH]c2ccc(Br)cc2c1S(=O)(=O)N1CCCC1,0.0063,8.200659451
O=C(NCCO)c1[nH]c2ccc(Br)cc2c1S(=O)(=O)N1CCCC1,0.0069,8.161150909
CCc1cc(NCc2nc3c(Cl)ccc(Cl)c3o2)c(O)nc1C,0.007,8.15490196
N#Cc1cc(Cl)cc(Oc2cc(CCc3cccc(Cl)c3)[nH]c(=O)c2Cl)c1,0.007,8.15490196
N#Cc1ccc(NC(=O)CSC(=O)N2CCCc3cc(Cl)cc(Cl)c32)c(Cl)c1,0.007,8.15490196
O=C1c2ccccc2C(=O)N1CCOC(=S)N(C(=O)c1ccco1)c1ccc(Cl)cc1,0.007,8.15490196
Cc1cc(C#N)cc(C(=O)c2cc(Cl)ccc2OCC(=O)Nc2cnc(S(N)(=O)=O)cc2C)c1,0.007079,8.150028088
Cc1cc(C#N)cc(C)c1Oc1nc(NC2CCN(Cc3ccc(S(C)(=O)=O)cc3)CC2)nc2sccc12,0.00726,8.139063379
N#Cc1cc(Cl)cc(Oc2cc(OCc3nc4cccc(Cl)c4[nH]3)ccc2Cl)c1,0.0073,8.13667714
COc1ccc(-c2ccc(Cc3cc(=O)n(O)c(=O)[nH]3)cc2)cc1F,0.0076,8.119186408
COc1ccc(-c2cccc(Cc3cc(=O)n(O)c(=O)[nH]3)c2)cc1F,0.0077,8.113509275
Cc1cc(C#N)cc(C)c1Nc1ccnc(Nc2ccc(C#N)cc2)n1,0.0078,8.107905397
Cc1c(Cc2c(Cl)cccc2Cl)nc(N(C)Cc2ccc([N+](=O)[O-])cc2)[nH]c1=O,0.00785,8.105130343
Cc1[nH]c(=O)c(Br)c(Oc2cc(Cl)cc(C#N)c2)c1Cc1ccccc1,0.008,8.096910013
Cc1cc(C#N)cc(Cl)c1Oc1ccnc(NC2CCN(c3cccc(C(N)=O)c3)CC2)n1,0.008,8.096910013
CCc1c(C)[nH]c(=O)c(N(C)CC)c1Cc1cc(C)cc(C)c1,0.008,8.096910013
N#Cc1cc(Cl)cc(Oc2c(F)c(CCc3cccc(Cl)c3)[nH]c(=O)c2Br)c1,0.008,8.096910013
NS(=O)(=O)c1ccc(NC(=O)CSC(=O)N2CCCc3cc(Cl)ccc32)c(Cl)c1,0.008,8.096910013
O=C1c2ccccc2C(=O)N1CCOC(=S)N(C(=O)c1ccco1)c1ccc([N+](=O)[O-])cc1,0.008,8.096910013
O=C1c2ccccc2C(=O)N1CCOC(=S)N(C(=O)c1cccs1)c1ccc(Cl)cc1,0.008,8.096910013
Cc1cc(/C=C/C#N)cc(C)c1Oc1cc(Nc2ccc(C#N)cc2)c(N)cc1C(=O)NCCCl,0.0085,8.070581074
Cc1cc(-c2cccc(Cc3cc(=O)n(O)c(=O)[nH]3)c2)ccc1F,0.0088,8.055517328
Cc1cc(NC(=O)CCN2CCOCC2)ccc1NC(=O)COc1ccc(Cl)cc1C(=O)c1cc(F)cc(F)c1,0.008913,8.049976093
Cc1cc(C#N)cc(C)c1Oc1nc(NC2CCN(Cc3ccc(S(N)(=O)=O)cc3)CC2F)nc2ccsc12,0.00894,8.048662481
C#C[C@]1(CO)O[C@@H](n2cc(F)c(N)nc2=O)C[C@@H]1O,0.009,8.045757491
Cc1ccc(CNc2ccnc(Nc3ccc(C#N)cc3)n2)cc1C,0.009,8.045757491
Cc1cnc(-c2[nH]c3ccc(Cl)cc3c2S(=O)(=O)c2ccccc2)[nH]1,0.009,8.045757491
COc1cc(C#N)cc(Oc2c(Cl)ccc(Cc3cc(C)c(=O)[nH]n3)c2F)c1,0.009,8.045757491
N#Cc1cc(Cl)cc(Oc2c(Br)ccc(Cc3n[nH]c4cnccc34)c2F)c1,0.009,8.045757491
O=c1cc(Cc2ccc(-c3ccc(Cl)cc3Cl)cc2)[nH]c(=O)n1O,0.0092,8.036212173
Cc1cc(C#N)cc(C)c1Oc1nc(Nc2ccc(C#N)cc2)ncc1N,0.0093,8.031517051
O=c1cc(Cc2ccc(-c3ccc(Cl)c(F)c3)cc2)[nH]c(=O)n1O,0.0094,8.026872146
Cc1cc(C#N)ccc1-c1ccnc(NCc2n[nH]c3nc(F)ccc23)c1,0.01,8
Cc1cc(C)c(S(=O)(=O)n2c(=O)[nH]c3ccc(Cl)cc32)c(C)c1,0.01,8
Cc1cc(C)cc(S(=O)(=O)c2c(C(=O)NCCc3cccc(Cl)c3)[nH]c3ccc(Cl)cc23)c1,0.01,8
Cc1cc(C)cc(S(=O)(=O)c2c(C(=O)NCN3CCCCC3)[nH]c3ccc([N+](=O)[O-])cc23)c1,0.01,8
Cc1nc(CCCCCCC(=O)c2ccccc2)n2nc(-n3ccnc3)ccc12,0.01,8
Cc1nc(CCCCCCC(=O)c2ccccc2)n2nc(-n3cncc3C)ccc12,0.01,8
CCc1c(C)[nH]c(=O)c(N(C)CCCCCO)c1Cc1cccc(C)c1,0.01,8
CCc1c(C)[nH]c(=O)c(NC)c1Cc1cc(C)cc(C)c1,0.01,8
N#Cc1cc2c(Oc3ccc(F)cc3OCCn3ccc(=O)[nH]c3=O)cc(F)cn2c1,0.01,8
N#Cc1ccc(Nc2cc(Cc3c(Cl)cccc3Cl)nc(N)n2)cc1,0.01,8
O=C1c2ccccc2C(=O)N1CCOC(=S)N(C(=O)c1cccs1)c1ccc([N+](=O)[O-])cc1,0.01,8
O=C1c2ccccc2C(=O)N1CCOC(=S)N(C(=O)c1cccs1)c1ccc(I)cc1,0.01,8
Cc1cc(C)c(-n2nnnc2SCC(=O)Nc2ccc(S(N)(=O)=O)cc2Cl)c(C)c1,0.01037,7.984221244
Cc1cc(C#N)ccc1-c1ccnc(NCc2n[nH]c(-c3ccccc3)c2Cl)c1,0.011,7.958607315
Cc1cc(-c2ccc(Cc3cc(=O)n(O)c(=O)[nH]3)cc2)ccc1F,0.011,7.958607315
CCC1(c2cccc(OC)c2)Oc2ccccc2-n2cccc2C1=O,0.011,7.958607315
CS(=O)(=O)c1ccc(NC(=O)CSC(=O)N2CCCc3cc(Cl)cc(Cl)c32)c(Cl)c1,0.011,7.958607315
O=c1cc(Cc2ccc(Br)cc2)[nH]c(=O)n1O,0.011,7.958607315
Cc1cnc(Nc2ccc(C#N)cc2)nc1Nc1c(C)cc(C#N)cc1C,0.012,7.920818754
CCC(C)Sc1nc(C(OC)c2c(F)cccc2Cl)c(C)c(=O)[nH]1,0.012,7.920818754
Cn1ccc2c(Cc3ccc(Br)c(Oc4cc(Cl)cc(C#N)c4)c3F)n[nH]c2c1=O,0.012,7.920818754
O=c1cc(Cc2cccc(-c3ccc(Cl)cc3)c2)[nH]c(=O)n1O,0.012,7.920818754
CCc1c(C)[nH]c(=O)c(-n2cccc2)c1Cc1cc(C)cc(C)c1,0.0126,7.899629455
Cc1cc(C#N)cc(C)c1Oc1nc(NC2CCN(c3cccc(C(N)=O)c3)CC2)ncc1Cl,0.013,7.886056648
Cc1cc(C)cc(S(=O)(=O)c2c(C(=O)N[C@@H](C)C(N)=O)[nH]c3ccc(Br)cc23)c1,0.013,7.886056648
Cc1cc(C)cc(S(=O)(=O)c2c(C(=O)NCCS(N)(=O)=O)[nH]c3ccc(Br)cc23)c1,0.013,7.886056648
Cc1ccc(CNc2ccnc(Nc3ccc(C#N)cc3)n2)cc1,0.013,7.886056648
CCOCCN(C)c1c(Cc2cccc(C)c2)c(CC)c(C)[nH]c1=O,0.013,7.886056648
N#Cc1cc(Cl)cc(Oc2c(COCc3ccncc3)c[nH]c(=O)c2Br)c1,0.013,7.886056648
O=c1cc(Cc2cccc(Br)c2)[nH]c(=O)n1O,0.013,7.886056648
Cc1cc(C#N)cc(C)c1Oc1nc(NC2CCN(c3cccc(C(N)=O)c3)CC2)ncc1F,0.014,7.853871964
Cc1cc(C#N)cc(C)c1Oc1nc(NC2CCN(Cc3ccc(S(C)(=O)=O)cc3)CC2)ncc1Br,0.014,7.853871964
Cc1cc(C)cc(S(=O)(=O)c2c(C(=O)NCN3CCCC3)[nH]c3ccc(Br)cc23)c1,0.014,7.853871964
COC(c1nc(SC2CCCC2)[nH]c(=O)c1C)c1c(F)cccc1F,0.014,7.853871964
N#Cc1cc(Cl)cc(Oc2c(Br)ccc(Cc3n[nH]c4nccnc34)c2F)c1,0.014,7.853871964
N#Cc1cc(Cl)cc(Oc2c(CCOc3ccncc3)c[nH]c(=O)c2Br)c1,0.014,7.853871964
N#Cc1cc(Cl)cc(Oc2cc(CCc3ccncc3)[nH]c(=O)c2Cl)c1,0.014,7.853871964
N#Cc1cccc(Oc2cc(Cl)cc(OCC(=O)Nc3ccc(S(N)(=O)=O)cc3Cl)c2)c1,0.0144,7.841637508
Cc1c(C(C)c2c(F)cccc2Cl)nc(SC(C)C)[nH]c1=O,0.015,7.823908741
Cc1cnc(NC2CCN(c3cccc(C(N)=O)c3)CC2)nc1Oc1c(C)cc(C#N)cc1C,0.015,7.823908741
CCC(C)Sc1nc(C(OC)c2c(Cl)cccc2Cl)c(C)c(=O)[nH]1,0.015,7.823908741
COC(=O)c1ccc(-c2ccc(C(=O)c3cc(=O)n(O)c(=O)[nH]3)cc2)cc1,0.015,7.823908741
N#Cc1cc(Cl)cc(Oc2c(Br)ccc(Cc3n[nH]c4c(C#N)cccc34)c2F)c1,0.015,7.823908741
O=c1cc(Cc2ccc(-c3cc(Cl)cc(C(F)(F)F)c3)cc2)[nH]c(=O)n1O,0.015,7.823908741
O=c1cc(Cc2ccc(-c3ccc(F)cc3F)cc2)[nH]c(=O)n1O,0.015,7.823908741
COCCOCCOc1ccc(NC(=O)COc2ccc(Cl)cc2C(=O)c2cc(F)cc(C(F)(F)F)c2)c(C)c1,0.01585,7.799970733
Cc1cc(C#N)ccc1-c1ccnc(NCc2n[nH]c(-c3ccccn3)c2Cl)c1,0.016,7.795880017
Cc1cc(C#N)ccc1-c1ccnc(NCc2n[nH]c3nc(N)ccc23)c1,0.016,7.795880017
Cc1cc(C)cc(S(=O)(=O)c2c(C(=O)NC(C)C(N)=O)[nH]c3ccc(Br)cc23)c1,0.016,7.795880017
CCc1c(C)[nH]c(=O)c(N(C)CCC#N)c1Cc1cccc(C)c1,0.016,7.795880017
CCc1c(C)[nH]c(=O)c(N(CC)CC)c1Cc1cc(C)cc(C)c1,0.016,7.795880017
CCCN(C)c1c(Cc2cc(C)cc(C)c2)c(CC)c(C)[nH]c1=O,0.016,7.795880017
CCNc1c(Cc2cc(C)cc(C)c2)c(CC)c(C)[nH]c1=O,0.016,7.795880017
N#Cc1cc(Cl)cc(Oc2c(CCOc3cccnc3)c[nH]c(=O)c2Br)c1,0.016,7.795880017
N#Cc1cc(Cl)cc(Oc2cc(CCc3cccnc3)[nH]c(=O)c2Cl)c1,0.016,7.795880017
N#Cc1ccc(Nc2nccc(NCc3cccc(F)c3)n2)cc1,0.016,7.795880017
N#Cc1ccc(Nc2nccc(NCc3ccccc3F)n2)cc1,0.016,7.795880017
O=c1cc(Cc2ccc(-c3cccc(Cl)c3)cc2)[nH]c(=O)n1O,0.016,7.795880017
O=c1cc(Cc2ccc(-c3ccccc3)cc2)[nH]c(=O)n1O,0.016,7.795880017
Cc1cc(C#N)cc(C)c1Oc1nc(NC2CCN(c3cccc(C(N)=O)c3)CC2)ncc1N,0.017,7.769551079
Cc1cc(C#N)cc(C)c1Oc1nc(NC2CCN(Cc3cccc(C(N)=O)c3)CC2)nc2sccc12,0.017,7.769551079
Cc1cc(C)cc(S(=O)(=O)c2c(C(=O)N[C@H](C)C(N)=O)[nH]c3ccc(Cl)cc23)c1,0.017,7.769551079
Cc1cc(C)cc(S(=O)(=O)c2c(C(=O)NCc3ccccc3)[nH]c3ccc([N+](=O)[O-])cc23)c1,0.017,7.769551079
CCc1c(C)nc(O)c(N)c1Cc1cc(C)cc(C)c1,0.017,7.769551079
COc1ccc(CN(C)c2nc(C(C)c3c(Cl)cccc3Cl)c(C)c(=O)[nH]2)cc1,0.017,7.769551079
O=C(c1cccc(-c2ccccc2)c1)c1cc(=O)n(O)c(=O)[nH]1,0.017,7.769551079
Cc1cc(C)cc(S(=O)(=O)c2c(C(=O)NCCn3cccc3)[nH]c3ccc(Cl)c(F)c23)c1,0.018,7.744727495
COc1cc(C#N)cc(C)c1Oc1ccnc(NC2CCN(c3cccc(C(N)=O)c3)CC2)n1,0.018,7.744727495
COc1cccc(CNc2ccnc(Nc3ccc(C#N)cc3)n2)c1,0.018,7.744727495
N#Cc1ccc(Nc2nccc(NCc3cccc(Cl)c3)n2)cc1,0.018,7.744727495
O=c1cc(Cc2cccc(-c3cccc(F)c3)c2)[nH]c(=O)n1O,0.018,7.744727495
Cc1cc(C#N)cc(C)c1Nc1nc(NC2CCN(c3cccc(C(N)=O)c3)CC2)ncc1Br,0.019,7.721246399
Cc1cc(-c2ccc(C(=O)c3cc(=O)n(O)c(=O)[nH]3)cc2)ccc1F,0.019,7.721246399
NS(=O)(=O)c1ccc(NC(=O)COC(=O)N2CCCc3cc(Cl)cc(Cl)c32)c(Cl)c1,0.019,7.721246399
Cc1cc(C#N)cc(Cl)c1Oc1nc(NC2CCN(c3cccc(C(N)=O)c3)CC2)ncc1Cl,0.02,7.698970004
Cc1nc(CCCCCCC(=O)c2ccccc2)n2nc(-n3cccc3)ccc12,0.02,7.698970004
CCCNc1c(Cc2cc(C)cc(C)c2)c(CC)c(C)[nH]c1=O,0.02,7.698970004
N#Cc1ccc(Nc2nccc(NCc3ccccc3)n2)cc1,0.02,7.698970004
O=C(NCc1c(F)cccc1Cl)c1[nH]c2ccc(Br)cc2c1S(=O)(=O)N1CCCC1,0.02,7.698970004
O=c1cc(Cc2cccc(-c3cccc(Cl)c3)c2)[nH]c(=O)n1O,0.02,7.698970004
S=C(NCCc1ccccn1)Nc1ccc(Br)cn1,0.02,7.698970004
Cc1cc(C#N)cc(C)c1Oc1nc(NC2CCN(Cc3ccc(S(N)(=O)=O)cc3Cl)CC2)ncc1Br,0.021,7.677780705
Cc1cc(C)cc(S(=O)(=O)c2c(C(=O)NCc3ccccc3)[nH]c3ccc(Cl)cc23)c1,0.021,7.677780705
Cc1ccc(-c2ccc(C(=O)c3cc(=O)n(O)c(=O)[nH]3)cc2)cc1,0.021,7.677780705
COc1cc(C#N)cc(C)c1Oc1nc(NC2CCN(c3cccc(C(N)=O)c3)CC2)ncc1C,0.021,7.677780705
Cc1cc(/C=C/C#N)cc(C)c1Oc1nc(NC2CCN(Cc3cccc(F)c3)CC2)nc2ccsc12,0.0211,7.675717545
CC1(C)CN2C(CS/C(=N\C3CCCCC3)NC3CCCCC3)=CSC2=N1,0.022,7.657577319
Cc1[nH]nc(OCC(=O)Nc2ccc(-c3ccc(CC(=O)O)cc3)cc2Cl)c1-c1ccc(C(C)(C)C)cc1Cl,0.022,7.657577319
Cc1ccc(-n2nnnc2SCC(=O)Nc2ccc(-c3ccc(OCC(=O)O)cc3)cc2Cl)c(Cl)c1,0.022,7.657577319
N#Cc1cc(Cl)cc(Oc2c(Br)ccc(Cc3n[nH]c4c(N)cccc34)c2F)c1,0.022,7.657577319
O=C(c1ccc(-c2ccccc2)cc1)c1cc(=O)n(O)c(=O)[nH]1,0.022,7.657577319
Cc1cc(/C=C/C#N)cc(C)c1Oc1cc(Nc2ccc(C#N)cc2)c(N)cc1C(=O)NCCCO,0.0228,7.642065153
CC(C)(C)c1ccc(-n2nnnc2SCC(=O)Nc2ccc(-c3ccc(OCC(=O)O)cc3)cc2Cl)c(Cl)c1,0.023,7.638272164
Cc1cc(C#N)cc(C)c1Nc1ccnc(NC2CCN(c3cccc(C(N)=O)c3)CC2)n1,0.023,7.638272164
Cc1cc(C)cc(S(=O)(=O)c2c(C(=O)Nc3ccnc(C#N)c3)[nH]c3ccc(Cl)cc23)c1,0.023,7.638272164
Cc1cc(C)cc(S(=O)(=O)c2c(C(=O)NCc3ccccc3[N+](=O)[O-])[nH]c3ccc(Cl)cc23)c1,0.023,7.638272164
O=C(c1ccc(-c2ccc(Cl)c(F)c2)cc1)c1cc(=O)n(O)c(=O)[nH]1,0.023,7.638272164
Cc1[nH]nc(OCC(=O)Nc2ccc(C#CC(C)(C)CO)cc2Cl)c1-c1ccc(C(C)(C)C)cc1Cl,0.024,7.619788758
Cc1cc(C)c(Nc2nc(Nc3ccc(C#N)cc3)ncc2-c2ccccc2)c(C)c1,0.024,7.619788758
Cc1cc(C)cc(S(=O)(=O)c2c(C(=O)NCc3ccc(F)cc3)[nH]c3ccc(Cl)cc23)c1,0.024,7.619788758
N#Cc1ccc(-c2ccc(C(=O)c3cc(=O)n(O)c(=O)[nH]3)cc2)cc1,0.024,7.619788758
N#Cc1ccc(Nc2nccc(NCc3cccc(Br)c3)n2)cc1,0.024,7.619788758
N#Cc1ccc(Nc2nccc(NCc3ccccc3Cl)n2)cc1,0.024,7.619788758
Cc1cc(C#N)cc(C)c1Oc1ccnc(NC2CCN(Cc3ccc(S(N)(=O)=O)cc3Cl)CC2)n1,0.025,7.602059991
Cc1cc(C)cc(S(=O)(=O)c2c(C(=O)NCCS(N)(=O)=O)[nH]c3ccc(Cl)cc23)c1,0.025,7.602059991
Cc1cnc(-c2[nH]c3ccc(Br)cc3c2S(=O)(=O)N2CCCC2)[nH]1,0.025,7.602059991
CCc1c(Sc2cc(C)cc(C)c2)n(CCCCC(=O)OC)c(=O)[nH]c1=O,0.025,7.602059991
NS(=O)(=O)c1ccc(NC(=O)COc2cc(Cl)cc(Oc3ccccc3)c2)c(Cl)c1,0.025,7.602059991
O=C1c2ccccc2C(=O)N1CCOC(=S)N(C(=O)c1ccc(Cl)cc1)c1ccc(Cl)cc1,0.025,7.602059991
O=c1cc(Cc2ccc(-c3cccc(C(F)(F)F)c3)cc2)[nH]c(=O)n1O,0.025,7.602059991
Cc1cc(C)cc(S(=O)(=O)c2c(C(=O)N[C@@H](C)C(N)=O)[nH]c3ccc(Cl)cc23)c1,0.026,7.585026652
Cc1cc(C)cc(S(=O)(=O)c2c(C(=O)NCC(N)=O)[nH]c3ccc(Br)cc23)c1,0.026,7.585026652
Cc1cc(C)cc(S(=O)(=O)c2c(C(=O)NCN3CCCC3)[nH]c3ccc(Cl)cc23)c1,0.026,7.585026652
CCCN(C)c1nc(C(OC)c2c(F)cccc2Cl)c(C)c(=O)[nH]1,0.026,7.585026652
O=C(c1ccc(-c2ccc(C(F)(F)F)cc2)cc1)c1cc(=O)n(O)c(=O)[nH]1,0.026,7.585026652
CC(C)(C)c1ccc(-n2nnnc2SCC(=O)Nc2ccc(S(C)(=O)=O)cc2Cl)c(Cl)c1,0.027,7.568636236
O=C(c1ccc(-c2ccc(F)cc2)cc1)c1cc(=O)n(O)c(=O)[nH]1,0.027,7.568636236
CC(C)(C)c1ccc(-n2nnnc2SCC(=O)Nc2ccc(-c3ccc(CC(=O)O)cc3)cc2Cl)c(Cl)c1,0.028,7.552841969
Cc1cc(C#N)cc(C)c1Oc1nc(NC2CCN(Cc3ccc(S(C)(=O)=O)cc3Cl)CC2)ncc1Br,0.028,7.552841969
Cc1cc(C#N)cc(Cl)c1Oc1nc(NC2CCN(c3cccc(C(N)=O)c3)CC2)ncc1Br,0.028,7.552841969
Cc1cc(C)cc(S(=O)(=O)c2c(C(=O)NC(C)CS(N)(=O)=O)[nH]c3ccc([N+](=O)[O-])cc23)c1,0.028,7.552841969
Cc1cc(Oc2ccc(F)cc2OCCn2ccc(=O)[nH]c2=O)c(C)c2cc(C#N)ccc12,0.028,7.552841969
O=c1cc(Cc2ccc(-c3cccc(F)c3)cc2)[nH]c(=O)n1O,0.028,7.552841969
N#Cc1ccc(Nc2nccc(NCc3ccc(Br)cc3)n2)cc1,0.029,7.537602002
CC(=O)Nc1cnc(Nc2ccc(C#N)cc2)nc1Oc1c(C)cc(C#N)cc1C,0.03,7.522878745
Cc1c(C(C)c2c(F)cccc2F)nc(NC2CCCC2)[nH]c1=O,0.03,7.522878745
Cc1cc(C#N)cc(C)c1Oc1ccnc(NC2CCN(Cc3ccc(S(C)(=O)=O)cc3Cl)CC2)n1,0.03,7.522878745
Cc1cc(C#N)cc(C)c1Oc1nc(NC2CCN(c3cccc(C(N)=O)c3)CC2)ncc1Br,0.03,7.522878745
Cc1cc(C)cc(S(=O)(=O)c2c(C(=O)NCN3CCCCC3)[nH]c3ccc(Br)cc23)c1,0.03,7.522878745
Cc1ccc(S(=O)(=O)n2c(=O)[nH]c3ccc(Cl)cc32)cc1C,0.03,7.522878745
CCc1ccc(N(C(=O)c2ccco2)C(=S)OCCN2C(=O)c3ccccc3C2=O)cc1,0.03,7.522878745
COc1ccc(C(=O)CSc2nc(Cc3cccc4ccccc34)c(C(C)C)c(=O)[nH]2)cc1,0.03,7.522878745
Cc1cc(C#N)cc(C)c1Nc1nc(NC2CCN(Cc3ccc(S(N)(=O)=O)cc3)CC2)nc2ccsc12,0.0306,7.514278574
Cc1c(Oc2ccc(F)cc2OCCn2ccc(=O)[nH]c2=O)cc(F)c2ccc(C#N)cc12,0.031,7.508638306
COC(=O)c1ccc(C(=O)c2cc(=O)n(O)c(=O)[nH]2)cc1,0.031,7.508638306
Cc1cc(C)cc(S(=O)(=O)c2c(C(=O)NCc3cccnc3)[nH]c3ccc(Cl)cc23)c1,0.032,7.494850022
CCc1n[nH]c2ccc(F)c(Oc3cc(C#N)cc(C#N)c3)c12,0.032,7.494850022
CC(C)(C)c1ccc(-n2nnnc2SCC(=O)Nc2ccc(-c3ccc(C(C)(C)C(=O)O)cc3)cc2Cl)c(Cl)c1,0.033,7.48148606
Cc1cc(C#N)cc(C)c1Oc1ccnc(NC2CCN(c3cccc(C(N)=O)c3)CC2)n1,0.034,7.468521083
Cc1cc(C)cc(S(=O)(=O)c2c(C(=O)NCN3CCCC3)[nH]c3ccc([N+](=O)[O-])cc23)c1,0.034,7.468521083
Cc1cc(/C=C/C#N)cc(C)c1Oc1nc(NC2CCN(Cc3ccc(F)cc3)CC2)nc2ccsc12,0.0349,7.457174573
O=C1c2ccccc2C(=O)N1CCOC(=S)N(C(=O)c1ccccc1)c1ccc(Br)cc1,0.035,7.455931956
COC(=O)c1ccc(CN2CCC(Nc3nc(Oc4c(C)cc(C#N)cc4C)c4ccsc4n3)CC2)cc1,0.0356,7.448550002
CC(C)(C)c1ccc(-n2nnnc2SCC(=O)Nc2ccc(S(N)(=O)=O)cc2Cl)c(Cl)c1,0.036,7.443697499
Cc1cc(C#N)cc(Cl)c1Nc1ccnc(NC2CCN(c3cccc(C(N)=O)c3)CC2)n1,0.036,7.443697499
Cc1cc(C)cc(S(=O)(=O)c2c(C(=O)NC(C)CS(N)(=O)=O)[nH]c3ccc(Cl)c(F)c23)c1,0.036,7.443697499
CCC(c1ccccc1)n1c(=O)[nH]c2ccc(Cl)cc21,0.036,7.443697499
Cc1cc(C#N)cc(C)c1Oc1nc(NC2CCN(Cc3cccc(C#N)c3)CC2)ncc1Br,0.037,7.431798276
O=c1cc(Cc2cccc(-c3cccc(C(F)(F)F)c3)c2)[nH]c(=O)n1O,0.037,7.431798276
O=c1cc(Cc2cccc(-c3cc(Cl)cc(C(F)(F)F)c3)c2)[nH]c(=O)n1O,0.038,7.420216403
Cc1ccccc1NC(=O)COc1ccc(Cl)cc1C(=O)c1cc(F)cc(F)c1,0.03802,7.419987887
Cc1cc(C#N)cc(C)c1Oc1nc(NC2CCN(Cc3ccc(S(N)(=O)=O)cc3)CC2)nc2sccc12,0.0387,7.412289035
CC(C)c1s/c(=N\S(=O)(=O)c2cc(Br)ccc2O)n(C)c1Cl,0.03981,7.400007822
Cc1cc(C#N)cc(C)c1Oc1cc(Cl)nc(NC2CCN(Cc3ccncc3)CC2)c1,0.04,7.397940009
Cc1cc(C)cc(S(=O)(=O)c2c(C(=O)NCc3cccc(F)c3)[nH]c3ccc(Cl)cc23)c1,0.04,7.397940009
Cc1cc(C)cc(S(=O)(=O)c2c(C(=O)NCc3ccccc3)[nH]c3ccc(Cl)c(F)c23)c1,0.04,7.397940009
COC(c1nc(NC2CCCC2)[nH]c(=O)c1C)c1c(F)cccc1Cl,0.04,7.397940009
COc1ccc(CSc2nc(C(=O)c3cccc(F)c3)c(C(C)C)c(=O)[nH]2)cc1,0.04,7.397940009
N#Cc1ccc(Nc2nc(N)nc(Cc3c(Cl)cccc3Cl)n2)cc1,0.04,7.397940009
Cc1cc(/C=C/C#N)cc(C)c1Oc1nc(NC2CCN(Cc3ccccc3F)CC2)nc2ccsc12,0.0406,7.391473966
Cc1cc(C#N)cc(C)c1Oc1nc(NC2CCN(c3cccc(C(N)=O)c3)CC2)ncc1C(F)(F)F,0.041,7.387216143
Cc1cc(C#N)cc(C)c1Oc1nc(NC2CCN(Cc3ccc(C#N)cc3)CC2)ncc1Br,0.041,7.387216143
C#Cc1cnc(Nc2ccc(C#N)cc2)nc1Nc1c(C)cc(C)cc1C,0.042,7.37675071
Cc1cc(C#N)cc(Cl)c1Nc1nc(NC2CCN(c3cccc(C(N)=O)c3)CC2)ncc1Br,0.042,7.37675071
C#Cc1ccc(NC(=O)CSc2nnnn2-c2ccc(C3CC3)cc2Cl)c(Cl)c1,0.044,7.356547324
Cc1cc(C)cc(S(=O)(=O)c2c(C(=O)NCc3ccncc3)[nH]c3ccc(Cl)cc23)c1,0.045,7.346787486
CCc1c(O)nc(SCC(=O)c2ccc(OC)cc2)nc1Cc1cccc2ccccc12,0.045,7.346787486
NS(=O)(=O)c1ccc(NC(=O)CSc2nnnn2-c2ccc(C3CC3)cc2Cl)c(Cl)c1,0.045,7.346787486
CC(C)c1c(O)nc(SCC(=O)c2ccccc2)nc1Cc1cccc2ccccc12,0.046,7.337242168
Cc1cc(C)cc(Cn2c(=S)[nH]c3ccc(Cl)cc32)c1,0.046,7.337242168
CN(Cc1ccc2occc2c1)c1nc(O)nc(Nc2c(F)cccc2-c2ccccc2)n1,0.047,7.327902142
O=c1cc(Cc2ccc(-c3ccc(C(F)(F)F)cc3)cc2)[nH]c(=O)n1O,0.047,7.327902142
C/C(=C/CCC(=O)Nc1ccc(-c2ccc(CC(=O)O)cc2)cc1Cl)c1ccc(C)cc1Cl,0.048,7.318758763
CCC(C)Sc1nc(C(CC)c2c(F)cccc2F)c(C)c(=O)[nH]1,0.048,7.318758763
N#Cc1ccc(Nc2nccc(NCc3ccc(Cl)cc3)n2)cc1,0.048,7.318758763
NC(=O)c1[nH]c2ccc(Cl)cc2c1S(=O)(=O)N1CCCC1,0.048,7.318758763
O=S(=O)(c1c(-c2nc3cccc(O)c3[nH]2)[nH]c2ccc(Br)cc12)N1CCCC1,0.048,7.318758763
C#CCOCc1cn(C2CCON2C(=O)OCc2ccccc2)c(=O)[nH]c1=O,0.05,7.301029996
Cc1cc(C#N)cc(C)c1Oc1ccnc(NC2CCN(Cc3ccc(S(C)(=O)=O)cc3)CC2)n1,0.05,7.301029996
Cc1cc(Cc2ccc(Cl)c(Oc3ccccc3)c2F)n[nH]c1=O,0.05,7.301029996
CCCn1c(=O)[nH]c2cccc(Oc3cc(Cl)cc(C#N)c3)c21,0.05,7.301029996
Cc1cc(C#N)cc(C)c1Oc1nc(NC2CCN(Cc3c[nH]cn3)CC2)nc2ccsc12,0.052,7.283996656
Cc1cc(C#N)cc(C)c1Oc1ccnc(S(=O)(=O)CC(=O)Nc2ccc([N+](=O)[O-])cc2)n1,0.053,7.27572413
Cc1cc(C#N)cc(C)c1Oc1nc(NC2CCN(Cc3cn(S(C)(=O)=O)cn3)CC2)nc2ccsc12,0.053,7.27572413
Cc1cc(C#N)cc(C)c1Oc1nc(NC2CCN(Cc3n[nH]c(=O)n3C)CC2)nc2ccsc12,0.055,7.259637311
Cn1c(=O)[nH]c2cccc(Oc3cc(Cl)cc(C#N)c3)c21,0.055,7.259637311
COc1cc(C#N)cc(C)c1Oc1nc(NC2CCN(c3cccc(C(N)=O)c3)CC2)ncc1Br,0.056,7.251811973
N#Cc1ccc(Nc2nccc(NCc3ccc(F)cc3F)n2)cc1,0.056,7.251811973
Cc1cc(C#N)cc(C)c1Oc1cc(Cl)nc(NC2CCN(Cc3ccc(S(N)(=O)=O)cc3)CC2)c1,0.057,7.244125144
COC(c1nc(SC(C)C)[nH]c(=O)c1C)c1c(Cl)cccc1Cl,0.059,7.229147988
Cc1c(Oc2ccccc2OCCn2ccc(=O)[nH]c2=O)cc(F)c2ccc(C#N)cc12,0.06,7.22184875
Cc1cc(C)cc(S(=O)(=O)c2c(C(=O)NCCc3ccc(Cl)cc3)[nH]c3ccc(Cl)cc23)c1,0.06,7.22184875
Cc1cc(C)cc(S(=O)(=O)c2c(C(=O)NCCc3ccccc3)[nH]c3ccc([N+](=O)[O-])cc23)c1,0.06,7.22184875
Cc1ccnc2c1NC(=O)c1cccnc1N2C1CC1,0.06,7.22184875
Cc1cn([C@@H]2O[C@H](CO[Si](C)(C)C(C)(C)C)[C@@]3(OS(=O)(=O)C(I)=C3N)[C@H]2O[Si](C)(C)C(C)(C)C)c(=O)[nH]c1=O,0.06,7.22184875
Cc1cn([C@@H]2O[C@H](CO[Si](C)(C)C(C)(C)C)[C@@]3(OS(=O)(=O)C=C3N)[C@H]2O[Si](C)(C)C(C)(C)C)c(=O)n(C)c1=O,0.06,7.22184875
Cc1cn([C@@H]2O[C@H](CO[Si](C)(C)C(C)(C)C)C3(OS(=O)(=O)C=C3N)[C@H]2O[Si](C)(C)C(C)(C)C)c(=O)[nH]c1=O,0.06,7.22184875
Cc1cccc2c1N(C(=O)SCC(=O)Nc1ccc(S(N)(=O)=O)cc1Cl)CCC2,0.061,7.214670165
Cc1cc(C#N)cc(C)c1Oc1nc(NC2CCN(Cc3ccccc3C#N)CC2)ncc1Br,0.062,7.207608311
Cc1cc(Oc2ccccc2OCCn2ccc(=O)[nH]c2=O)c(C)c2cc(C#N)ccc12,0.062,7.207608311
CCC(O)c1cnc(-c2[nH]c3ccc(Br)cc3c2S(=O)(=O)N2CCCC2)[nH]1,0.062,7.207608311
Cc1cc(C)cc(-c2ccc(C(=O)c3cc(=O)n(O)c(=O)[nH]3)cc2)c1,0.063,7.200659451
CCn1c(=O)[nH]c2cccc(Oc3cc(C#N)cc(C#N)c3)c21,0.063,7.200659451
O=C(NCc1ccnc2ccccc12)c1[nH]c2ccc(Br)cc2c1S(=O)(=O)N1CCCC1,0.063,7.200659451
Cc1cc(C#N)cc(C)c1Oc1nc(NC2CCN(c3cccc(C(N)=O)c3)CC2)ncc1[N+](=O)[O-],0.064,7.193820026
Cc1cc(C)cc(S(=O)(=O)c2c(C(=O)NCc3cccc(N)c3)[nH]c3ccc(Cl)cc23)c1,0.064,7.193820026
Cc1cc(C#N)cc(C)c1Oc1ccnc(S(=O)(=O)CC(=O)Nc2ccc(C#N)cc2)n1,0.065,7.187086643
CC(C)(C)c1ccc(-n2nnnc2SCC(=O)Nc2ccc(C(=O)O)cc2Cl)c(Cl)c1,0.066,7.180456064
Cc1cc(C)cc(Oc2c(C(C)C)c(=O)[nH]c(=O)n2CC2CC2)c1,0.067,7.173925197
O=C(COc1ccc(Cl)cc1C(=O)c1cc(F)cc(F)c1)Nc1ccc(Cl)nc1,0.06761,7.169989064
CC(C)c1nc(COC(N)=O)n(Cc2ccncc2)c1Sc1cc(Cl)cc(Cl)c1,0.068,7.167491087
Cc1cc(C)cc(S(=O)(=O)c2c(C(=O)NCCOc3ccccc3)[nH]c3ccc(Cl)c(F)c23)c1,0.068,7.167491087
CCC(c1nc(SC2CCCC2)[nH]c(=O)c1C)c1c(F)cccc1Cl,0.068,7.167491087
Cc1c(C(C)c2c(F)cccc2F)nc(Nc2ccc(C#N)cc2)[nH]c1=O,0.069,7.161150909
Cc1cc(C#N)cc(C)c1Oc1nc(NC2CCN(Cc3ccccc3)CC2)ncc1Br,0.07,7.15490196
Cc1cc(C)cc(S(=O)(=O)c2c(C(=O)NCc3ccccc3F)[nH]c3ccc(Cl)cc23)c1,0.07,7.15490196
Cc1cc(C)cc(S(=O)(=O)n2c(=O)[nH]c3ccc(Cl)nc32)c1,0.07,7.15490196
Cc1cccc(S(=O)(=O)n2c(=O)[nH]c3ccc(Cl)cc32)c1,0.07,7.15490196
N#Cc1ccc(Nc2nccc(NCc3ccc(C(F)(F)F)cc3)n2)cc1,0.07,7.15490196
N#Cc1cc(Cl)cc(Oc2c(Cc3ccccc3)c[nH]c(=O)c2Br)c1,0.071,7.148741651
N#Cc1ccc(Nc2nccc(NCc3ccccc3Br)n2)cc1,0.071,7.148741651
NC(=O)c1[nH]c2ccc(Cl)cc2c1S(=O)(=O)c1ccccc1,0.071,7.148741651
Cc1cc(C#N)cc(C)c1Oc1nc(NC2CCN(c3cccc(S(N)(=O)=O)c3)CC2)ncc1Br,0.072,7.142667504
COc1ccc(CSc2nc(C(=O)c3ccccc3F)c(C(C)C)c(=O)[nH]2)cc1,0.072,7.142667504
N#Cc1ccc2c(F)cc(Oc3ccc(F)cc3OCCn3ccc(=O)[nH]c3=O)c(Cl)c2c1,0.072,7.142667504
COc1ccc(NC(=O)COc2ccc(Cl)cc2C(=O)c2cc(F)cc(F)c2)cn1,0.07244,7.140021558
Cc1cc(C#N)cc(C)c1Oc1ccnc(Nc2ccc(C#N)cc2)n1,0.073,7.13667714
COc1ccc(-c2ccc(C(=O)c3cc(=O)n(O)c(=O)[nH]3)cc2)cc1OC,0.074,7.13076828
CCC(C)Sc1nc(C(C)c2c(F)cccc2Cl)c(C)c(=O)[nH]1,0.075,7.124938737
CC(C)CN(C[C@@H](O)[C@H](Cc1ccccc1)NC(=O)c1cc2ccccc2oc1=O)S(=O)(=O)c1ccc(N)cc1,0.0753,7.123205024
CC(C)Nc1cccnc1N1CCN(C(=O)c2cc3cc(NS(C)(=O)=O)ccc3[nH]2)CC1,0.076,7.119186408
N#Cc1cc(Cl)cc(Oc2cc(CCc3ccccn3)[nH]c(=O)c2Cl)c1,0.078,7.107905397
CCc1c(C)[nH]c(=O)c(NC=O)c1Cc1cc(C)cc(C)c1,0.079,7.102372909
N#Cc1cc(Cl)cc(Oc2cc(OCc3nc4ccccc4s3)ccc2Cl)c1,0.07924,7.101055533
Cc1c(C)c(C)c(S(=O)(=O)n2c(=O)[nH]c3ccc(Cl)cc32)c(C)c1C,0.08,7.096910013
Cc1cc(C#N)cc(C)c1Oc1cc(Cl)nc(NC2CCN(Cc3ccc(S(C)(=O)=O)cc3)CC2)c1,0.08,7.096910013
Cc1cc(C)c(N(C)C(=O)SCC(=O)Nc2ccc(S(N)(=O)=O)cc2Cl)c(C)c1,0.08,7.096910013
Cc1cc(C)cc(S(=O)(=O)c2c(C(=O)N[C@@H](C)c3ccccc3)[nH]c3ccc(Cl)cc23)c1,0.08,7.096910013
COC(c1nc(SC(C)C)[nH]c(=O)c1C)c1c(F)cccc1Cl,0.081,7.091514981
COc1cc(Oc2c(C)cc(C#N)cc2C)cc(NC2CCN(Cc3ccncc3)CC2)n1,0.081,7.091514981
O=C(c1ccc(C(F)(F)F)cc1)c1cc(=O)n(O)c(=O)[nH]1,0.081,7.091514981
Cc1cc(C#N)cc(C)c1Oc1nc(NC2CCN(Cc3ccco3)CC2)nc2ccsc12,0.082,7.086186148
Cc1cc(C)c(Oc2cc(Cl)nc(NC3CCN(Cc4ccncc4)CC3)c2)c(C)c1,0.082,7.086186148
COc1ccc(CNc2ccnc(Nc3ccc(C#N)cc3)n2)cc1,0.085,7.070581074
O=C(c1ccc(F)cc1)c1cc(=O)n(O)c(=O)[nH]1,0.085,7.070581074
O=c1cc(Cc2ccc(-c3ccc(C(F)(F)F)cc3C(F)(F)F)cc2)[nH]c(=O)n1O,0.085,7.070581074
Cc1cc(C#N)cc(C)c1Oc1nc(NC2CCN(Cc3ccc(C(=O)O)cc3Cl)CC2)ncc1Br,0.086,7.065501549
Cc1cc(C)cc(S(=O)(=O)c2c(C(=O)NCCC(N)=O)[nH]c3ccc(Br)cc23)c1,0.086,7.065501549
Cc1cc(C)cc(S(=O)(=O)n2c(SCC(=O)Nc3ccc(S(C)(=O)=O)cc3)nc3ccccc32)c1,0.088,7.055517328
CC(C)=CCc1c(O)cc2oc(CO)cc(=O)c2c1O,0.09,7.045757491
Cc1cc(C#N)cc(C)c1Oc1cc(Cl)nc(NC2CCN(Cc3ccc(C(N)=O)cc3)CC2)c1,0.09,7.045757491
Cc1cc(C)c(Nc2ccnc(Nc3ccc(C#N)cc3)n2)c(C)c1,0.09,7.045757491
Cc1cc(C)cc(C(=O)c2cc(=O)n(O)c(=O)[nH]2)c1,0.09,7.045757491
Cc1cc(C)cc(S(=O)(=O)c2c(C(=O)N[C@H](C)c3ccccc3)[nH]c3ccc(Cl)cc23)c1,0.09,7.045757491
Cc1cc(C)cc(S(=O)(=O)c2c(C(N)=O)[nH]c3ccc(F)c(F)c23)c1,0.09,7.045757491
COc1cc2oc(CO)cc(=O)c2c(O)c1CCC(C)(C)O,0.09,7.045757491
Cc1cc(C#N)cc(C)c1Nc1nc(Nc2ccc(C#N)cc2)ncc1C#N,0.091,7.040958608
c1nc(ccc1)[P](O)=O,0.0912,7.040005162
c1ncc([P](O)=O)cc1,0.0912,7.040005162
N#C/C=C/c1ccc(Nc2cc(NCCc3ccc(S(N)(=O)=O)cc3)nc(Nc3ccc(C#N)cc3)n2)cc1,0.0912,7.040005162
Cc1ccc(C(=O)c2cc(=O)n(O)c(=O)[nH]2)cc1,0.093,7.031517051
O=C(NCc1cncs1)c1[nH]c2ccc(Br)cc2c1S(=O)(=O)N1CCCC1,0.093,7.031517051
Cc1cc(C#N)cc(C(=O)c2cc(Cl)ccc2OCC(=O)Nc2ncc(S(N)(=O)=O)cc2C)c1,0.09333,7.029978734
Cc1cc(S(N)(=O)=O)ccc1NC(=O)COc1ccc(Cl)cc1C(=O)c1cc(Br)cc(C(F)(F)F)c1,0.09333,7.029978734
CC(C)(C)c1ccc(-n2nnnc2SCC(=O)Nc2ccccc2Cl)c(Cl)c1,0.094,7.026872146
c1c([P](O)=O)csc1,0.0955,7.019996628
c1cc([P](O)=O)sc1,0.0955,7.019996628
CCN(CC)CCCNc1ccc(NC(=O)COc2ccc(Cl)cc2C(=O)c2cc(F)cc(F)c2)c(C)c1,0.0955,7.019996628
Cc1cc(C#N)cc(C)c1Oc1nc(NC2CCN(Cc3ccc(S(C)(=O)=O)cc3)CC2)nc2cc[nH]c12,0.098,7.008773924
Cc1cc(C)c(Oc2cc(Cl)nc(NC3CCN(Cc4ccc(C(N)=O)cc4)CC3)c2)c(C)c1,0.098,7.008773924
CCN(C(=O)OCC(=O)Nc1ccc(-c2ccc(CC(=O)O)cc2)cc1Cl)c1ccc(C(C)(C)C)cc1Cl,0.098,7.008773924
Cc1c(O)nc(Sc2ccc(Cl)cc2)nc1Cc1c(F)cccc1F,0.1,7
Cc1c(Oc2ccccc2OCCn2ccc(=O)[nH]c2=O)cc(C(C)C)c2ccc(C#N)cc12,0.1,7
Cc1cc(C)cc(S(=O)(=O)c2c(C(=O)NCN3CCOCC3)[nH]c3ccc(Br)cc23)c1,0.1,7
N(c1ccc(Cl)c(Cl)c1)C(=O)NO,0.1,7
N(c1ccc(Cl)cc1)C(=O)NO,0.1,7
O=C1c2ccccc2C(=O)N1CCOC(=S)N(C(=O)c1ccccc1)c1ccc(Cl)cc1,0.1,7
O=C1c2ccccc2C(=O)N1CCOC(=S)N(C(=O)c1cccs1)c1ccc(F)cc1,0.1,7
COc1cc(C#N)cc(C)c1Oc1nc(NC2CCN(c3cccc(C(N)=O)c3)CC2)ncc1Cl,0.101,6.995678626
O=C(CSc1nnnn1-c1ccc(C2CC2)cc1Cl)Nc1ccccc1Cl,0.103,6.987162775
Cc1ccc(-c2nnsc2SCC(=O)Nc2ccc(-c3ccc(CC(=O)O)cc3)cc2Cl)c(Cl)c1,0.107,6.970616222
Cc1cc(C#N)cc(C)c1Oc1nc(Nc2ccc(C#N)cc2)nc(N)c1Br,0.108,6.966576245
Cc1cc(C)cc(S(=O)(=O)c2c(C(=O)NCCN3CCOCC3)[nH]c3ccc(Br)cc23)c1,0.108,6.966576245
Cc1cc(NCCCN2CCCC2)ccc1NC(=O)COc1ccc(Cl)cc1C(=O)c1cc(F)cc(F)c1,0.10965,6.959991364
Cc1cc(C#N)cc(C)c1Oc1nc(NC2CCN(Cc3ccc(S(N)(=O)=O)cc3)CC2)nc2ccn(S(=O)(=O)c3ccccc3)c12,0.11,6.958607315
Cc1cn([C@@H]2O[C@H](CO[Si](C)(C)C(C)(C)C)[C@@]3(OS(=O)(=O)C(I)=C3N)[C@H]2O[Si](C)(C)C(C)(C)C)c(=O)n(C)c1=O,0.11,6.958607315
CCC(c1nc(SC2CCCC2)[nH]c(=O)c1C)c1c(F)cccc1F,0.11,6.958607315
COC(c1nc(NC(C)C)[nH]c(=O)c1C)c1c(F)cccc1Cl,0.11,6.958607315
COc1cc(Oc2c(C)cc(C#N)cc2C)cc(NC2CCN(Cc3ccc(C(N)=O)cc3)CC2)n1,0.113,6.946921557
C#CC1(COP(=O)(O)OP(=O)(O)OP(=O)(O)O)CC(n2cc(C)c(=O)[nH]c2=O)CC1O,0.114,6.943095149
Cc1cc(C)cc(S(=O)(=O)c2c(C(=O)NCN3CCOCC3)[nH]c3ccc(Cl)cc23)c1,0.117,6.931814138
c1(O)c(OC)cc(C(NO)=O)cc1,0.117489755,6.930000002
C=CC(C)(C)c1cc2c(O)c(CC=C(C)C)c(OC)cc2oc1=O,0.12,6.920818754
C=CC(C)(C)c1cc2cc(C[C@@H](OC)C(C)(C)O)c(OC)cc2oc1=O,0.12,6.920818754
C=CC(C)(C)c1cc2cc(C[C@@H](OCC)C(C)(C)O)c(OC)cc2oc1=O,0.12,6.920818754
C=CC(C)(C)c1cc2cc(CC(=O)C(C)C)c(OC)cc2oc1=O,0.12,6.920818754
C=CC(C)(C)c1cc2cc(CC=C(C)C)c(O)cc2oc1=O,0.12,6.920818754
C=CC(C)(C)c1cc2cc(CC=C(C)C)c(OC)cc2oc1=O,0.12,6.920818754
C=CC(C)(C)c1cc2cc(CC=O)c(OC)cc2oc1=O,0.12,6.920818754
Cc1cc(C#N)cc(Oc2ccc(Cc3n[nH]c4nnccc34)cc2Br)c1,0.12,6.920818754
Cc1cc(C)cc(S(=O)(=O)n2c(SCC(=O)Nc3ccc(S(C)(=O)=O)cc3Cl)nc3ccccc32)c1,0.12,6.920818754
Cc1cc(Oc2ccccc2OCCn2ccc(=O)[nH]c2=O)c(Cl)c2cc(C#N)ccc12,0.12,6.920818754
CCC(C)Sc1nc(C(CC)c2c(F)cccc2Cl)c(C)c(=O)[nH]1,0.12,6.920818754
CCCNc1nc(C(OC)c2c(Cl)cccc2Cl)c(C)c(=O)[nH]1,0.12,6.920818754
COc1cc2oc(=O)ccc2cc1C[C@@H](O)C(C)(C)OC,0.12,6.920818754
COc1cc2oc(=O)ccc2cc1C[C@@H](OC)C(C)(C)O,0.12,6.920818754
COc1cc2oc(=O)ccc2cc1CC(=O)C(C)C,0.12,6.920818754
NC(=O)c1[nH]c2ccc(Br)cc2c1S(=O)(=O)N1CCCC1,0.12,6.920818754
Cc1cc(C#N)cc(C)c1Oc1nc(Nc2ccc(C#N)cc2)ncc1[N+](=O)[O-],0.121,6.91721463
CC(C)(C)c1ccc(-c2c[nH]nc2OCC(=O)Nc2ccc(-c3ccc(CC(=O)O)cc3)cc2Cl)c(Cl)c1,0.122,6.913640169
COc1cc(Cl)cc2c1NC(=O)OC2(C#CC1CC1)C(F)(F)F,0.122,6.913640169
N#Cc1ccc(Nc2nccc(NCc3cccc(C(F)(F)F)c3)n2)cc1,0.122,6.913640169
CCCCNc1c(Cc2cc(C)cc(C)c2)c(CC)c(C)[nH]c1=O,0.126,6.899629455
Cc1cc(/C=C/C#N)cc(C)c1Oc1nc(NC2CCN(Cc3cccc(Br)c3)CC2)nc2ccsc12,0.128,6.89279003
Cc1cc(C)cc(S(=O)(=O)c2c(C(=O)NCCc3ccccc3)[nH]c3ccc(Br)cc23)c1,0.128,6.89279003
Cc1cnc(Nc2ccc(C#N)cc2)nc1C(C)c1c(F)cccc1F,0.128,6.89279003
Cc1cn([C@H]2C[C@H](O)[C@@H](COP(=O)(O)OP(=O)(O)OP(=O)(O)O)O2)c(=O)[nH]c1=O,0.13,6.886056648
CCC1(c2cccc(I)c2)Oc2ccccc2-n2cccc2C1=O,0.13,6.886056648
NCCCN(CCCCN)[N+]([N-]O)=O,0.131825674,6.88
COc1cc(Oc2c(C)cc(C#N)cc2C)cc(NC2CCN(Cc3ccc(S(N)(=O)=O)cc3)CC2)n1,0.132,6.879426069
Cc1cc(C#N)ccc1-c1ccnc(NCc2cc(-c3ccccn3)[nH]n2)c1,0.134,6.872895202
Cc1ccc(CN2CCC(Nc3nc(Oc4c(C)cc(/C=C/C#N)cc4C)c4sccc4n3)CC2)cc1,0.138,6.860120914
Cc1cc(C)cc(S(=O)(=O)c2c(C(N)=O)[nH]c3ccc(Cl)cc23)c1,0.14,6.853871964
Cc1cc(S(N)(=O)=O)ccc1NC(=O)COc1ccc(Cl)cc1C(=O)c1cncc(C#N)c1,0.14125,6.850011544
C1(=O)\C(=C/c2ccccc2)\CNCC1,0.144543977,6.84
Cc1cc(C)cc(S(=O)(=O)c2c(C(=O)NCC(=O)NCc3ccco3)[nH]c3ccc(Cl)cc23)c1,0.145,6.838631998
Cc1n[nH]c2ccc(F)c(Oc3cc(C#N)cc(C#N)c3)c12,0.145,6.838631998
Cc1cc(C)cc(S(=O)(=O)c2c(C(=O)N[C@H](C)CC(N)=O)[nH]c3ccc(Cl)cc23)c1,0.147,6.832682665
C#C[C@]1(CO)O[C@@H](n2cnc3c(O)ncnc32)C[C@@H]1O,0.15,6.823908741
CC(C)(C)c1ccc(-n2nnnc2SCC(=O)Nc2ccc(CCC(=O)O)cc2Cl)c(Cl)c1,0.15,6.823908741
Cc1c([C@H](C)c2c(F)cccc2F)nc(SC2CCCC2)[nH]c1=O,0.15,6.823908741
Cc1c(Cl)nc(Nc2ccc(C#N)cc2)nc1C(C)c1c(F)cccc1F,0.15,6.823908741
CCC1(c2ccc(CSc3ccccc3)cc2)Oc2ccccc2-n2cccc2C1=O,0.15,6.823908741
CCc1cc(Oc2ccccc2OCCn2ccc(=O)[nH]c2=O)c(C)c2cc(C#N)ccc12,0.15,6.823908741
CCCN(C)c1nc(C(OC)c2c(F)cccc2F)c(C)c(=O)[nH]1,0.15,6.823908741
COC(c1nc(SC2CCCC2)[nH]c(=O)c1C)c1c(F)cccc1Cl,0.15,6.823908741
COc1ccc2nc(-c3[nH]c4ccc(Br)cc4c3S(=O)(=O)N3CCCC3)[nH]c2c1,0.15,6.823908741
O=S(=O)(c1c(-c2ncc(-c3ccccc3)[nH]2)[nH]c2ccc(Br)cc12)N1CCCC1,0.15,6.823908741
O=C(CSc1nnnn1-c1ccc(C2CC2)cc1Cl)Nc1ccc(C(=O)O)cc1Cl,0.151,6.821023053
Cc1cc(/C=C/C#N)cc(C)c1Oc1nc(NC2CCN(Cc3ccc(Cl)cc3)CC2)nc2ccsc12,0.152,6.818156412
Cc1cc(C#N)cc(C)c1Oc1nc(NC2CCC(NCc3ccc(S(N)(=O)=O)cc3)CC2)nc2ccsc12,0.152,6.818156412
Cc1cc(/C=C/C#N)cc(C)c1Oc1nc(NC2CCN(Cc3ccc(Br)cc3)CC2)nc2ccsc12,0.154,6.812479279
Cc1cc(C#N)cc(C)c1Oc1nc(NC2CCN(Cc3ccc(C(N)=O)cc3)CC2)nc2ccn(COCc3ccccc3)c12,0.158,6.801342913
CCc1c(C)[nH]c(=O)c(N2CCOCC2)c1Cc1cc(C)cc(C)c1,0.158,6.801342913
CC(C)c1s/c(=N\S(=O)(=O)c2cc(Cl)ccc2O)n(C)c1Cl,0.15849,6.799998135
Cc1cc(NCCCn2ccnc2)ccc1NC(=O)COc1ccc(Cl)cc1C(=O)c1cc(F)cc(F)c1,0.15849,6.799998135
Cc1cc(C#N)cc(C)c1Oc1nc(NC2CCN(Cc3ccc(C#N)cc3Cl)CC2)ncc1Br,0.159,6.798602876
Cc1cc(C)c(Oc2cc(Cl)nc(NC3CCN(Cc4ccc(S(N)(=O)=O)cc4)CC3)c2)c(C)c1,0.159,6.798602876
Cc1cc(/C=C/C#N)cc(C)c1Nc1nc(NC2CCN(Cc3ccc(S(N)(=O)=O)cc3)CC2)nc2ccsc12,0.16,6.795880017
Cc1cc(C)c(Oc2cc(Cl)nc(NC3CCN(Cc4ccc(S(C)(=O)=O)cc4)CC3)c2)c(C)c1,0.16,6.795880017
Cc1ccc(C(C)(O)c2ccnc(Nc3ccc(C#N)cc3)n2)cc1,0.16,6.795880017
Cc1ccc(NC(=O)CSc2nc3ccccc3n2S(=O)(=O)c2cc(C)cc(C)c2)cc1,0.16,6.795880017
CCc1c(C(=O)c2cc(F)cc(F)c2)nc(SCc2ccc(OC)cc2)[nH]c1=O,0.16,6.795880017
Cc1cc(C)cc(S(=O)(=O)c2c(C(=O)NCC(N)=O)[nH]c3ccc(Cl)cc23)c1,0.161,6.793174124
Cc1cc(C)cc(S(=O)(=O)c2c(C(=O)NCCc3cccnc3)[nH]c3ccc(Cl)cc23)c1,0.162,6.790484985
c1c(C)ccc(C(CCN(CC)CC)=O)c1,0.16218101,6.789999999
C1NCCCC(C(O)=O)(c2ccccc2)C1,0.16218101,6.789999999
Cc1cc(C#N)cc(C)c1Oc1nc(NC2CCN(Cc3ccc(S(N)(=O)=O)cc3)CC2)nc2ccn(COCc3ccccc3)c12,0.163,6.787812396
NCCCN(CCCCNCCCN)[N+]([N-]O)=O,0.165958691,6.779999999
Cc1cc(C#N)cc(C)c1Oc1cc(Cl)nc(NC2CCN(Cc3ccccc3)CC2)c1,0.168,6.774690718
C=C(C)[C@@H]1Cc2c(cc3oc(=O)ccc3c2O)O1,0.17,6.769551079
C=C(CO)[C@@H]1Cc2cc3ccc(=O)oc3cc2O1,0.17,6.769551079
C=CC(C)(C)c1cc2cc(C[C@@H](O)C(C)(C)O)c(O)cc2oc1=O,0.17,6.769551079
C=CC(C)(C)c1cc2cc3c(c(CC=C(C)C)c2oc1=O)O[C@H](C(C)(C)O)C3,0.17,6.769551079
C=CC(C)(C)c1cc2cc3c(cc2oc1=O)O[C@H](C(C)(C)O)[C@H]3O,0.17,6.769551079
CC(=O)[C@@H]1Cc2cc3ccc(=O)oc3cc2O1,0.17,6.769551079
CC(C)(O)C(=O)Cc1cc2ccc(=O)oc2cc1O,0.17,6.769551079
CC1(C)Oc2cc3oc(=O)ccc3cc2[C@@H](O)[C@@H]1O,0.17,6.769551079
Cc1cc(/C=C/C#N)cc(C)c1Oc1nc(NC2CCN(Cc3cccc(Cl)c3)CC2)nc2ccsc12,0.17,6.769551079
CO[C@H](Cc1cc2ccc(=O)oc2cc1O)C(C)(C)O,0.17,6.769551079
COC(=O)c1ccc(NC(=O)CSc2nc3ccccc3n2S(=O)(=O)c2cc(C)cc(C)c2)cc1,0.17,6.769551079
COc1cc2cc3c(cc2oc1=O)OC(C)(C)CC3,0.17,6.769551079
COc1ccc(CSc2nc(C(C#N)c3c(F)cccc3Cl)c(C)c(=O)[nH]2)cc1,0.17,6.769551079
C1(C(OCC)=O)S(=O)(=O)OCCOS1(=O)=O,0.173780083,6.76
O=C1NC(=O)N(C2CC(OC=O)C(CO)O2)C=C1C,0.173780083,6.76
Cc1cc(C)cc(S(=O)(=O)c2c(C(=O)N[C@@H](C)c3ccccc3F)[nH]c3ccc(Cl)cc23)c1,0.175,6.756961951
COc1cc(Oc2c(C)cc(C#N)cc2C)cc(NC2CCN(Cc3ccc(S(C)(=O)=O)cc3)CC2)n1,0.175,6.756961951
Cc1cc(C#N)cc(C)c1Oc1ccnc(S(=O)(=O)CC(=O)Nc2ccc(Cl)c(Cl)c2)n1,0.177,6.752026734
c1(ccccc1)C(C(O)=O)(CCC(O)=O)CCC(O)=O,0.177827941,6.75
c1(P(S)(CC(O)=O)=S)ccccc1,0.177827941,6.75
c1ccc(Oc(c(CC(O)=O)ccc2)c2S3)c3c1,0.177827941,6.75
Cc1ccc(-c2c(SCC(=O)Nc3ccc(-c4ccc(CC(=O)O)cc4)cc3Cl)cnn2C)c(Cl)c1,0.178,6.749579998
Cc1c(O)nc(SCC(=O)c2ccc(F)cc2)nc1Cc1cccc2ccccc12,0.18,6.744727495
Cc1cc(C)c(C)c(S(=O)(=O)n2c(=O)[nH]c3ccc(Cl)cc32)c1C,0.18,6.744727495
Cc1cc(C)cc(S(=O)(=O)n2c(SCC(=O)Nc3ccccc3Br)nc3ccccc32)c1,0.18,6.744727495
CCCN(C)c1nc(C(C)c2c(F)cccc2F)c(C)c(=O)[nH]1,0.18,6.744727495
c1(P(S)(CC(OCC)=O)=S)ccccc1,0.181970086,6.74
c1c(ncn2CC(N)=N)c2ccc1,0.181970086,6.74
CCOC(=O)C1CN(Cc2ccc(S(N)(=O)=O)cc2)CCC1Nc1nc(Oc2c(C)cc(C#N)cc2C)c2sccc2n1,0.186,6.730487056
CC(C)CN(C[C@@H](O)[C@H](Cc1ccccc1)NC(=O)c1cc2ccc(O)cc2oc1=O)S(=O)(=O)c1ccc([N+](=O)[O-])cc1,0.1887,6.7242281
Cc1cc(C)cc(S(=O)(=O)c2c(C(=O)NC(C)C(N)=O)[nH]c3ccc(Cl)cc23)c1,0.19,6.721246399
CCc1c(C(=O)c2cccc(F)c2)nc(SCc2ccc(OC)cc2)[nH]c1=O,0.19,6.721246399
O1C(N2C=C(C)C(=O)NC2=O)CC(NC(=N)NO)C1CO,0.190546072,6.72
Cc1cc(C)cc(S(=O)(=O)c2c(C(=O)NC(C)CC(N)=O)[nH]c3ccc([N+](=O)[O-])cc23)c1,0.191,6.718966633
Cc1cc(C#N)cc(C)c1Oc1ccnc(NC2CCN(c3ccc(Cl)c(C(N)=O)c3)CC2)n1,0.192,6.716698771
NS(=O)(=O)c1ccc(NC(=O)COc2cccc(Oc3ccccc3)c2)c(Cl)c1,0.1924,6.715794932
Cc1cc(C#N)cc(C)c1Oc1ccnc(NC2CCN(c3cccc(S(N)(=O)=O)c3)CC2)n1,0.194,6.71219827
NS(=O)(=O)c1ccc(NC(=O)CCC(=O)N2CCCc3cc(Cl)cc(Cl)c32)c(Cl)c1,0.194,6.71219827
C1(C(c2ccccc2)=O)S(=O)(=O)OCCOS1(=O)=O,0.19498446,6.71
Cc1cc(C#N)cc(C)c1Oc1nc(NC2CCN(Cc3ccc(C(N)=O)cc3)CC2)nc2ccn(S(=O)(=O)c3ccccc3)c12,0.195,6.709965389
CCc1c(Oc2cc(C)cc(C)c2)n(Cc2ccccc2)c(=O)[nH]c1=O,0.197,6.705533774
c1(Cl)c(Cl)cc(C(CCN(CC)CC)=O)cc1,0.199526231,6.700000001
CCC1(c2ccc(COc3ccccc3)cc2)Oc2ccccc2-n2cccc2C1=O,0.2,6.698970004
CCOc1cc(Oc2ccccc2OCCn2ccc(=O)[nH]c2=O)c(C)c2cc(C#N)ccc12,0.2,6.698970004
CCOc1cccc(C2(CC)Oc3ccccc3-n3cccc3C2=O)c1,0.2,6.698970004
O=C(NCc1nccs1)c1[nH]c2ccc(Br)cc2c1S(=O)(=O)N1CCCC1,0.2,6.698970004
Cc1cc(C)cc(S(=O)(=O)c2c(C(=O)NCCC(N)=O)[nH]c3ccc([N+](=O)[O-])cc23)c1,0.204,6.690369833
Cc1cc(C)cc(S(=O)(=O)c2c(C(=O)NCC(N)=O)[nH]c3ccc([N+](=O)[O-])cc23)c1,0.206,6.68613278
Cc1cc(/C=C/C#N)cc(C)c1Oc1nc(NC2CCN(Cc3ccccc3Cl)CC2)nc2ccsc12,0.207,6.684029655
CCN(C(=O)CCC(=O)Nc1ccc(-c2ccc(OCC(=O)O)cc2)cc1Cl)c1ccc(C(C)(C)C)cc1Cl,0.207,6.684029655
CC(C)c1ccc(O)c(=O)c(O)c1,0.21,6.677780705
CCC(c1nc(SC(C)C)[nH]c(=O)c1C)c1c(F)cccc1F,0.21,6.677780705
CCc1c(Oc2cc(C)cc(C)c2)n(CC2CC2)c(=O)[nH]c1=O,0.21,6.677780705
Cc1cc(C)cc(Oc2c(C(C)C)c(=O)[nH]c(=O)n2CC2CCC2)c1,0.213,6.671620397
O=C1Nc2ccc(Cl)cc2[C@@](C#CC2CC2)(C(F)(F)F)O1,0.216,6.665546249
Cc1cc(C)cc(S(=O)(=O)c2c(C(=O)NCc3ccc([N+](=O)[O-])cc3)[nH]c3ccc(Cl)cc23)c1,0.218,6.661543506
c1(P(S)(C(C(O)=O)C(O)=O)=S)ccccc1,0.218776162,6.660000001
O=C1NC(=O)N(C2CC(OC=O)C(CO)O2)C=C1,0.218776162,6.660000001
N#C/C=C/c1ccc(Nc2cc(NCCCN3CCOCC3)nc(Nc3ccc(C#N)cc3)n2)cc1,0.21878,6.659992382
Cc1cc(C#N)cc(C)c1Oc1ccnc(S(=O)(=O)CC(=O)Nc2cccc(F)c2)n1,0.22,6.657577319
CCc1c(Oc2cc(C)cc(C)c2)n(CC2=CCCC2)c(=O)[nH]c1=O,0.22,6.657577319
CCCNc1nc(C(OC)c2c(F)cccc2F)c(C)c(=O)[nH]1,0.22,6.657577319
O=c1cc(Nc2cccc(-c3ccc(Cl)cc3)c2)[nH]c(=O)n1O,0.22,6.657577319
O=S(=O)(c1c(-c2nc3ccc(F)cc3[nH]2)[nH]c2ccc(Br)cc12)N1CCCC1,0.22,6.657577319
Cc1cc(C)cc(S(=O)(=O)n2c(SCC(=O)Nc3ccccc3C)nc3ccccc32)c1,0.222,6.653647026
Cc1cc(C#Cc2ccncc2)cc(C)c1Oc1nc(NC2CCN(Cc3ccc(S(N)(=O)=O)cc3)CC2)nc2ccsc12,0.223,6.651695137
C(CCC(O)=O)(=C1S(OCCOS1(=O)=O)(=O)=O)O,0.223872114,6.65
Cc1cc(C)cc(S(=O)(=O)c2c(C(=O)NCCN3CCOCC3)[nH]c3ccc(Cl)cc23)c1,0.225,6.647817482
Cc1cc(C)cc(S(=O)(=O)c2c(C(=O)N[C@H](C)c3ccccc3F)[nH]c3ccc(Cl)cc23)c1,0.228,6.642065153
Cc1cc(C#N)cc(C)c1Oc1nc(NC2CCN(Cc3cccc(Cl)c3)CC2)ncc1Br,0.229,6.640164518
c1(P(C(C(OCC)=O)C(OCC)=O)(S)=S)ccccc1,0.229086765,6.640000001
COc1cc(COc2ccnc(Nc3ccc(C#N)cc3)n2)cc(OC)c1,0.23,6.638272164
COc1ccc(CSc2nc(C(C#N)c3c(Cl)cccc3Cl)c(C)c(=O)[nH]2)cc1,0.23,6.638272164
O1CCN(CC2C(=O)C(CN3CCOCC3)CCC2)CC1,0.234422882,6.629999999
C=CCN(C(=O)CCC(=O)Nc1ccc(-c2ccc(OCC(=O)O)cc2)cc1Cl)c1ccc(C(C)(C)C)cc1Cl,0.237,6.625251654
Cc1cc(C#N)cc(C)c1Oc1ccnc(NC2CCN(c3cccc(S(C)(=O)=O)c3)CC2)n1,0.238,6.623423043
[Pt-2]1([OH+]P([O-])(=O)C(=O)[OH+]1)(N)N,0.239883292,6.62
C1(C(CNC2(CC(CC3C2)CC4C3)C4)CN(C(OCC)=O)CC1)=O,0.239883292,6.62
c12c(nc(cccc3)c3c1N)CCCC2,0.239883292,6.62
Cc1ccc(C(=O)CSc2nc(O)c(C(C)C)c(Cc3cccc4ccccc34)n2)c(C)c1,0.24,6.619788758
Cc1ccc(C(=O)CSc2nc(O)c(C(C)C)c(Cc3cccc4ccccc34)n2)cc1,0.24,6.619788758
CCC(OC)c1cnc(-c2[nH]c3ccc(Br)cc3c2S(=O)(=O)N2CCCC2)[nH]1,0.24,6.619788758
N#Cc1ccc(Nc2nccc(NCc3ccccn3)n2)cc1,0.24,6.619788758
N#Cc1ccc(Nc2nccc(Oc3ccc4cc(C#N)ccc4c3Br)n2)cc1,0.24,6.619788758
COc1ccc(S(=O)(=O)N(CC(C)C)C[C@@H](O)[C@H](Cc2ccccc2)NC(=O)Cc2cc(=O)oc3cc(OC)ccc23)cc1,0.2418,6.616543703
CC(c1ccnc(Nc2ccc(C#N)cc2)n1)c1c(F)cccc1F,0.248,6.605548319
Cc1cc(C)c(Oc2cc(Cl)nc(Nc3ccc(C#N)cc3)c2)c(C)c1,0.248,6.605548319
CC1=C(N)[C@@]2(OS1(=O)=O)[C@@H](CO[Si](C)(C)C(C)(C)C)O[C@@H](n1cc(C)c(=O)n(C)c1=O)[C@@H]2O[Si](C)(C)C(C)(C)C,0.25,6.602059991
CCC1(c2ccc(COc3cccc(Cl)c3)cc2)Oc2ccccc2-n2cccc2C1=O,0.25,6.602059991
CCC1(c2cccc(C)c2)Oc2ccccc2-n2cccc2C1=O,0.25,6.602059991
O=c1cc(Nc2ccc(-c3ccccc3)cc2)[nH]c(=O)n1O,0.25,6.602059991
CCc1c(C)[nH]c(=O)c(NCc2ccccc2)c1Cc1cc(C)cc(C)c1,0.251,6.600326279
Cc1cc(C)cc(S(=O)(=O)c2c(C(=O)NC(C)CC(N)=O)[nH]c3ccc(Cl)cc23)c1,0.252,6.598599459
CCc1c(Sc2cc(C)cc(C)c2)n(CC2CC2)c(=O)[nH]c1=O,0.257,6.590066877
C1(C(NS(c2ccc(C)cc2)(=O)=O)=O)S(=O)(=O)OCCOS1(=O)=O,0.257039578,6.59
CCc1c(O)nc(SCC(=O)c2ccc(Cl)cc2)nc1Cc1cccc2ccccc12,0.26,6.585026652
O=C(c1ccc(Cl)cc1)c1cc(Cc2ccc(=O)[nH]n2)cc2ccoc12,0.26,6.585026652
Cc1cnc(Nc2ccc(C#N)cc2)nc1Cc1c(F)cccc1F,0.262,6.581698709
C#C[C@]1(COP(=O)(O)OP(=O)(O)OP(=O)(O)O)O[C@@H](n2cnc3c(N)nc(F)nc32)C[C@@H]1O,0.263,6.580044252
COc1cc(Oc2c(C)cc(C#N)cc2C)cc(NC2CCN(Cc3ccccc3)CC2)n1,0.264,6.578396073
Cc1cc(C#N)cc(C)c1Oc1ccnc(NC2CCN(c3cc(Cl)cc(C(N)=O)c3)CC2)n1,0.265,6.576754126
Cc1cc(C)cc(S(=O)(=O)c2c(C(=O)NC(C)C(N)=O)[nH]c3ccc(Cl)c(F)c23)c1,0.27,6.568636236
Cc1cc(C)cc(S(=O)(=O)c2c(C(=O)NCCc3ccccc3Cl)[nH]c3ccc(Cl)cc23)c1,0.27,6.568636236
O=C(O)c1cc(-c2cn(Cc3ccc(F)cc3)cc2-c2ccc(OCCCCc3ccccc3)cc2)n[nH]1,0.27,6.568636236
Cc1cc(C)cc(S(=O)(=O)c2c(C(=O)NCCn3cccc3)[nH]c3ccc([N+](=O)[O-])cc23)c1,0.272,6.565431096
CCc1c(Oc2cc(C)cc(C)c2)n(CC2CCCC2)c(=O)[nH]c1=O,0.272,6.565431096
Cc1cc(C)cc(S(=O)(=O)c2c(C(=O)NCc3ccccc3)[nH]c3ccc(Br)cc23)c1,0.273,6.563837353
Cc1cc(C)cc(S(=O)(=O)c2c(C(=O)N[C@H](C)C(=O)NCc3ccco3)[nH]c3ccc(Cl)cc23)c1,0.276,6.559090918
Cc1c(Oc2ccccc2OCCn2ccc(=O)[nH]c2=O)cc(Cl)c2ccc(C#N)cc12,0.28,6.552841969
Cc1cc(C#Cc2cccnc2)cc(C)c1Oc1nc(NC2CCN(Cc3ccc(S(N)(=O)=O)cc3)CC2)nc2ccsc12,0.28,6.552841969
O=S(=O)(c1c(-c2nc3ccccc3[nH]2)[nH]c2ccc(Br)cc12)N1CCCC1,0.28,6.552841969
Cc1c(N)nc(Nc2ccc(C#N)cc2)nc1C(C)c1c(F)cccc1F,0.282,6.549750892
Cc1cc(C)cc(S(=O)(=O)c2c(C(=O)NCc3ccc4nc(N)[nH]c4c3)[nH]c3ccc(Cl)cc23)c1,0.284,6.54668166
Cc1cc(C)c(Oc2cc(Cl)nc(NC3CCN(Cc4ccccc4)CC3)c2)c(C)c1,0.287,6.542118103
Cc1cc(C)cc(S(=O)(=O)c2c(C(=O)Nc3cccc(C#N)c3)[nH]c3ccc(Cl)cc23)c1,0.287,6.542118103
O1C(CN(C=CC(=N)N2)C2=O)OCC1CO,0.28840315,6.54
CCc1c(Oc2cc(C)cc(C)c2)n(CC2CCC2)c(=O)[nH]c1=O,0.289,6.539102157
Cc1cc(C#Cc2ccccn2)cc(C)c1Oc1nc(NC2CCN(Cc3ccc(S(N)(=O)=O)cc3)CC2)nc2ccsc12,0.29,6.537602002
Cc1cc(C)cc(S(=O)(=O)n2c(OCC(=O)Nc3ccc(S(C)(=O)=O)cc3Cl)nc3ccccc32)c1,0.29,6.537602002
CCC1(c2ccc(CSc3ccc(Br)cc3)cc2)Oc2ccccc2-n2cccc2C1=O,0.29,6.537602002
CCCc1cc(=O)oc2c3c(c4c(c12)OC(C)(C)C=C4)O[C@@H](C)[C@H](C)[C@@H]3O,0.29,6.537602002
CCn1c(=O)[nH]c2cccc(Oc3cc(Cl)cc(C#N)c3)c21,0.293,6.53313238
[Pt-2]12(NC3C(CCCC3)N1)[OH+]C(=O)P(=O)([O-])[OH+]2,0.295120923,6.53
O(C(C)(C)C)C(NC(Cc1ccccc1)CN2C(C(O)=O)CCC2)=O,0.295120923,6.53
Cc1cc(C#N)cc(C)c1Oc1ccnc(S(=O)(=O)CC(=O)Nc2ccc(C#N)cc2F)n1,0.296,6.528708289
N#Cc1ccc(Nc2nc(N)cc(Cc3c(Cl)cccc3Cl)n2)cc1,0.299,6.524328812
Cc1c(C(C)c2c(F)cccc2F)nc(SC2CCCC2)[nH]c1=O,0.3,6.522878745
COC(=O)CCCC=C(c1cc(Br)c(OC)c(C(=O)OC)c1)c1cc(Br)c(OC)c(C(=O)OC)c1,0.3,6.522878745
N#Cc1ccc(Nc2nccc(OCc3cccc4ccccc34)n2)cc1,0.3,6.522878745
N#Cc1ccc(Nc2nccc(OCc3ccccc3F)n2)cc1,0.3,6.522878745
N[Pt-2]([OH+]C(C(CS)N)=O)([OH+]C(C(CS)N)=O)N,0.301995172,6.52
CCn1c(=O)[nH]c2cccc(Oc3cc(C)cc(C)c3)c21,0.303,6.518557371
CCN(C(=O)CCC(=O)Nc1ccc(-c2ccc(CC(=O)O)cc2)cc1Cl)c1ccc(C(C)(C)C)cc1Cl,0.305,6.515700161
[Ga-3]123([OH+]C(=O)CP([O-])([O-])=[O+]1)([O+]=P([O-])([O-])CC(=O)[OH+]2)[O+]=P([O-])([O-])CC(=O)[OH+]3,0.309029543,6.51
CCCNc1nc(C(C)c2c(F)cccc2F)c(C)c(=O)[nH]1,0.31,6.508638306
N#Cc1ccc2c(F)cc(Oc3ccccc3OCCn3ccc(=O)[nH]c3=O)c(Cl)c2c1,0.31,6.508638306
Cc1cc(C)cc(S(=O)(=O)c2c(C(=O)N[C@@H](C)CC(N)=O)[nH]c3ccc(Cl)cc23)c1,0.315,6.501689446
Cc1cc(C)cc(S(=O)(=O)c2c(C(=O)NCCN3CCCC3)[nH]c3ccc(Br)cc23)c1,0.315,6.501689446
CCc1c(C)[nH]c(=O)c(NC(N)=S)c1Cc1cccc(C)c1,0.316,6.500312917
Cc1cc(C)cc(S(=O)(=O)c2c(C(=O)NCC(N)=O)[nH]c3ccc(Cl)c(F)c23)c1,0.319,6.496209317
CC(C)c1c(O)nc(SCC(=O)c2ccc(Cl)cc2)nc1Cc1cccc2ccccc12,0.32,6.494850022
CCc1c(O)nc(SCC(=O)c2ccc(C)cc2)nc1Cc1cccc2ccccc12,0.32,6.494850022
CCCc1cc(=O)oc2c3c(c4c(c12)OC(C)(C)C=C4)O[C@H](C)[C@@H](C)[C@@H]3O,0.32,6.494850022
O1C(Cn(cn2)c(ncnc3N)c23)OCC1CO,0.323593657,6.49
C#CC1(COP(=O)(O)OP(=O)(O)OP(=O)(O)O)CC(n2cnc3c(=O)[nH]c(N)nc32)CC1O,0.324,6.48945499
Cc1cc(C)cc(S(=O)(=O)c2c(C(=O)N[C@H](C)C(N)=O)[nH]c3ccc(Br)cc23)c1,0.324,6.48945499
CN(C(=O)CCC(=O)Nc1ccc(-c2ccc(OCC(=O)O)cc2)cc1Cl)c1ccc(C(C)(C)C)cc1Cl,0.328,6.484126156
Cc1c(Oc2ccc(Cl)cc2OCCn2ccc(=O)[nH]c2=O)cc(F)c2ccc(C#N)cc12,0.33,6.48148606
COc1cccc(S(=O)(=O)n2c(=O)[nH]c3ccc(Cl)cc32)c1,0.33,6.48148606
Cc1cc(C#N)cc(C)c1Oc1nc(NC2CCN(c3ccccc3)CC2)ncc1Br,0.334,6.476253533
NS(=O)(=O)c1ccc(NC(=O)CNC(=O)N2CCCc3cc(Cl)cc(Cl)c32)c(Cl)c1,0.336,6.473660723
O1C(Cn(cn2)c(nc(nc3O)N)c23)OCC1CO,0.338844156,6.47
C#C[C@]1(CO)O[C@@H](n2cc(I)c(=O)[nH]c2=O)C[C@@H]1O,0.34,6.468521083
CCCN(C)c1nc([C@H](OC)c2c(Cl)cccc2Cl)c(C)c(=O)[nH]1,0.34,6.468521083
COC(c1nc(NC(C)C)[nH]c(=O)c1C)c1c(Cl)cccc1Cl,0.34,6.468521083
CC(c1cc(=O)[nH]c(Nc2ccc(C#N)cc2)n1)c1c(F)cccc1F,0.347,6.459670525
COc1cc(F)c(C(=O)c2ccnc(Nc3ccc(C#N)cc3)n2)c(F)c1,0.347,6.459670525
Cc1cc(/C=C/C#N)cc(C)c1Oc1nc(NC2CCN(Cc3ccccc3Br)CC2)nc2ccsc12,0.351,6.454692884
Cc1cc(C)cc(S(=O)(=O)c2c(C(=O)NCCC(N)=O)[nH]c3ccc(Cl)cc23)c1,0.351,6.454692884
Cc1cc(C#N)cc(C)c1Oc1nc(NC2CCN(c3cccc(C#N)c3)CC2)ncc1Br,0.352,6.453457337
N[Pt-2]([OH+]C(C(CS)NC(C)=O)=O)([OH+]C(C(CS)NC(C)=O)=O)N,0.354813389,6.45
Cc1cc(C#N)cc(C)c1Oc1nc(NC2CCC(NCc3ccc(S(C)(=O)=O)cc3)CC2)nc2ccsc12,0.355,6.449771647
Cc1cc(C)cc(S(=O)(=O)c2c(C(=O)NC(C)C(N)=O)[nH]c3ccc([N+](=O)[O-])cc23)c1,0.362,6.441291429
CC(C)CN(C[C@@H](O)[C@H](Cc1ccccc1)NC(=O)Cc1cc(=O)oc2cc(O)ccc12)S(=O)(=O)c1ccc([N+](=O)[O-])cc1,0.367,6.435333936
COc1ccc(C(=O)CSc2nc(O)c(C)c(Cc3cccc4ccccc34)n2)cc1,0.37,6.431798276
O=S(=O)(c1c(-c2nc3cccnc3[nH]2)[nH]c2ccc(Br)cc12)N1CCCC1,0.37,6.431798276
COc1ccc(S(=O)(=O)N(CC(C)C)C[C@@H](O)[C@H](Cc2ccccc2)NC(=O)c2cc3ccc(OC)cc3oc2=O)cc1,0.3704,6.431329022
C1(C)\C(=C/C)\C(Cc2[nH]c(\C=C(/N=C3\C=C(\C(C)=C(C=C)C4=O)/N4)\C(CC(O)=O)=C3C)c(CCC(O)=O)c2C)NC1=O,0.371535229,6.43
COc1cc(OC)cc(C(=O)c2cc(Cl)ccc2OCC(=O)Nc2ccc(S(N)(=O)=O)cc2C)c1,0.37154,6.429994423
Cc1cc(C#N)cc(C)c1Oc1ccnc(NC2CCN(Cc3ccccc3)CC2)n1,0.372,6.42945706
COc1ccc2c(CC(=O)N[C@@H](Cc3ccccc3)[C@H](O)CN(CC(C)C)S(=O)(=O)c3ccc([N+](=O)[O-])cc3)cc(=O)oc2c1,0.3728,6.428524096
CC(C)CN(C[C@@H](O)[C@H](Cc1ccccc1)NC(=O)Cc1cc2ccc(O)cc2oc1=O)S(=O)(=O)c1ccc([N+](=O)[O-])cc1,0.3754,6.425505732
Cc1cc(C#N)cc(C)c1Oc1nc(NC2CCN(Cc3ccc(S(C)(=O)=O)cc3)CC2)nc2ccn(S(=O)(=O)c3ccccc3)c12,0.38,6.420216403
Cc1ccc(C)c(S(=O)(=O)n2c(=O)[nH]c3ccc(Cl)cc32)c1,0.38,6.420216403
Cc1cccc2c1OP(=O)(OC[C@H]1C[C@@H](n3cc(C)c(=O)[nH]c3=O)C[C@@H]1O)OC2,0.38,6.420216403
COC(=O)CCCC=C(c1cc(C#N)c(OC)c(C(=O)OC)c1)c1cc(C#N)c(OC)c(C(=O)OC)c1,0.38,6.420216403
O=C1c2ccccc2C(=O)N1CCOC(=S)N(C(=O)c1cccs1)c1cccc([N+](=O)[O-])c1,0.38,6.420216403
N#Cc1ccc(Nc2nccc(NCc3ccc(F)cc3)n2)cc1,0.382,6.417936637
Cc1cc(C)cc(S(=O)(=O)c2c(C(=O)NCCS(N)(=O)=O)[nH]c3ccc([N+](=O)[O-])cc23)c1,0.388,6.411168274
CC(O)(c1cccc(Br)c1)c1ccnc(Nc2ccc(C#N)cc2)n1,0.39,6.408935393
Cc1cc(C)cc(S(=O)(=O)c2c(C(=O)NC(C)CC(N)=O)[nH]c3ccc(Cl)c(F)c23)c1,0.39,6.408935393
CC(C)CN(C[C@@H](O)[C@H](Cc1ccccc1)NC(=O)c1ccc2oc(=O)ccc2c1)S(=O)(=O)c1ccc(N)cc1,0.398,6.400116928
CCc1c(C)[nH]c(=O)c(NC(C)=O)c1Cc1cc(C)cc(C)c1,0.398,6.400116928
c1([N+]([O-])=O)c(S(c2ccccc2)(=O)=O)ccc(C(O)=O)c1,0.398107171,6.4
O1CCN(CC(CN(CCO2)CCOCCOCC2)OC)CCOCCOCC1,0.398107171,6.4
Cc1c(C(C)c2c(F)cccc2F)nc(NC(C)C)[nH]c1=O,0.4,6.397940009
Cc1cc(C)cc(S(=O)(=O)n2c(=O)[nH]c3ccc(Cl)cc32)c1,0.4,6.397940009
Cc1ccc(N(C(=O)c2cccs2)C(=S)OCCN2C(=O)c3ccccc3C2=O)cc1,0.4,6.397940009
Cc1cn(-c2ccc3c(C)nc(CCCCCCC(=O)c4ccccc4)n3n2)cn1,0.4,6.397940009
CO[C@@H]1C=C(F)[C@H](n2cnc3c(N)ncnc32)O1,0.4,6.397940009
O=C1c2ccccc2C(=O)N1CCOC(=S)N(C(=O)c1ccccc1)c1ccccc1,0.4,6.397940009
C12OC(OC1)OC2,0.407380278,6.39
CC(=O)CSc1nc(O)c(C(C)C)c(Cc2cccc3ccccc23)n1,0.41,6.387216143
O=c1[nH]c2ccc(NS(=O)(=O)c3ccc4ccccc4c3)cc2c(=O)n1O,0.41,6.387216143
COc1ccc2c(CC(=O)N[C@@H](Cc3ccccc3)[C@H](O)CN(CC(C)C)S(=O)(=O)c3ccc(N)cc3)cc(=O)oc2c1,0.4106,6.386581055
CCN(C(=O)NCC(=O)Nc1ccc(-c2ccc(CC(=O)O)cc2)cc1Cl)c1ccc(C(C)(C)C)cc1Cl,0.414,6.382999659
C(OCC)NC=O,0.416869383,6.38
Cc1cc(C)cc(S(=O)(=O)c2c(C(=O)N[C@@H](C)C(=O)NCc3ccncc3)[nH]c3ccc(Cl)cc23)c1,0.417,6.379863945
Cc1ccc(-n2nccc2SCC(=O)Nc2ccc(-c3ccc(CC(=O)O)cc3)cc2Cl)c(Cl)c1,0.42,6.37675071
CCOCn1c(C(=O)c2ccc(-c3ccccc3)cc2)cc(=O)n(O)c1=O,0.42,6.37675071
COc1ccc(S(=O)(=O)N(CC(C)C)C[C@@H](O)[C@H](Cc2ccccc2)NC(=O)c2cc3ccc(O)cc3oc2=O)cc1,0.4207,6.376027488
Cc1cc(C)cc(S(=O)(=O)c2c(C(=O)NCCN3CCOCC3)[nH]c3ccc([N+](=O)[O-])cc23)c1,0.421,6.375717904
CCc1c(Sc2cc(C)cc(C)c2)n(CCCCC(=O)NCCCCCCCCCCCCNc2ccn(C3CCC(CO)O3)c(=O)n2)c(=O)[nH]c1=O,0.43,6.366531544
CCOCn1c(Cc2ccc(-c3ccc(Cl)c(F)c3)cc2)cc(=O)n(O)c1=O,0.43,6.366531544
c12n(CCC1)nnn2,0.436515832,6.36
c12n(ncc1)CCN2,0.436515832,6.36
O=S1OCCO1,0.436515832,6.36
CCCN(C)c1nc([C@@H](OC)c2c(Cl)cccc2Cl)c(C)c(=O)[nH]1,0.438,6.358525889
Cc1nc(CCCCCCC(=O)c2ccccc2)n2nc(-n3cncn3)ccc12,0.44,6.356547324
N#CC1(COP(=O)(O)OP(=O)(O)OP(=O)(O)O)CC(n2cnc3c(=O)[nH]c(N)nc32)CC1O,0.444,6.35261703
Cc1c(Cl)nc(Nc2ccc(C#N)cc2)nc1Cc1c(F)cccc1F,0.445,6.351639989
c12n(nnn1)CCN2,0.446683592,6.35
CC(C)CN(C[C@@H](O)[C@H](Cc1ccccc1)NC(=O)Cc1cc2ccc(O)cc2oc1=O)S(=O)(=O)c1ccc(N)cc1,0.4508,6.346016093
N#Cc1ccc(Nc2cc(N)nc(Cc3c(Cl)cccc3Cl)n2)cc1,0.452,6.344861565
C1(C(O)=C(O)CC1)=O,0.45708819,6.34
C1(O)C(O)C(NC(C(CC(C)C)NC(C(Cc2ccccc2)NC(CNC(CNC(C(N)Cc(ccc(c3)O)c3)=O)=O)=O)=O)=O)C(O)OC1CO,0.45708819,6.34
O=C1CONC(C)=N1,0.45708819,6.34
O1CC(=O)NC(=O)C1,0.45708819,6.34
COc1ccc(S(=O)(=O)N(CC(C)C)C[C@@H](O)[C@H](Cc2ccccc2)NC(=O)Cc2cc(=O)oc3cc(O)ccc23)cc1,0.4586,6.33856595
[Pt-2]1(N)(NCCCCCN[Pt-2]2([OH+]C(=O)CC(=O)[OH+]2)N)[OH+]C(=O)CC(=O)[OH+]1,0.467735141,6.33
CO\C=C\CCCO,0.467735141,6.33
N(O)(C(=O)C)C(=O)C,0.467735141,6.33
O=C1CSC(=N)N1,0.467735141,6.33
O=C1CSC(=O)N1,0.467735141,6.33
Cc1cc(C)cc(S(=O)(=O)c2c(C(=O)N[C@@H](C)C(=O)NCc3ccncn3)[nH]c3ccc(Cl)cc23)c1,0.47,6.327902142
Cc1cc(C#N)cc(C)c1Oc1ccnc(SCC(=O)Nc2ccccc2Cl)n1,0.473,6.325138859
COc1ccc(S(=O)(=O)N(CC(C)C)C[C@@H](O)[C@H](Cc2ccccc2)NC(=O)c2cc3ccccc3oc2=O)cc1,0.4738,6.324404944
c12c(cccc1)noc2,0.478630092,6.32
c12n(cccc1)nnn2,0.478630092,6.32
S=C1SCCN1,0.478630092,6.32
Cc1cc(C)c(Nc2cc(OCCCN3CCOCC3)nc(Nc3ccc(C#N)cc3)n2)c(C)c1,0.48,6.318758763
CN1BN(BN(C)B1)C,0.489778819,6.31
O=C1NC(CC=CC2)C12,0.489778819,6.31
CCOC(=O)c1ccc(CN2CCC(Nc3nc(Oc4c(C)cc(C#N)cc4C)c4ccsc4n3)CC2)cc1,0.498,6.302770657
C=CC(=O)N(C)c1cc(Oc2ccccc2OCCn2ccc(=O)[nH]c2=O)c(C)c2cc(C#N)ccc12,0.5,6.301029996
Cc1c(C(C)c2c(F)cccc2F)nc(N(C)C)[nH]c1=O,0.5,6.301029996
Cc1c(Oc2ccc(F)cc2OCCn2ccc(=O)[nH]c2=O)cc(Cl)c2ccc(C#N)cc12,0.5,6.301029996
CCOc1ccc(N(C(=O)c2ccnc(Cl)c2)C(=S)OCCN2C(=O)c3ccccc3C2=O)cc1,0.5,6.301029996
N#Cc1ccc(Nc2nccc(Cc3c(F)cccc3F)n2)cc1,0.5,6.301029996
O=c1ccc(Cc2ccc(Cl)c(Oc3ccccc3)c2F)n[nH]1,0.5,6.301029996
CC1(C=CC(=O)C=C1)O,0.501187234,6.3
CC1=CC(OC(O)=C1)=O,0.501187234,6.3
CN1NC(C=CC1=O)=O,0.501187234,6.3
N(C(=O)C)C(=N)NC#N,0.501187234,6.3
N12C3(N1CCC3)CCC2,0.501187234,6.3
CC(C)(C)c1ccc(N(C(=O)CCC(=O)Nc2ccc(-c3ccc(OCC(=O)O)cc3)cc2Cl)C2CC2)c(Cl)c1,0.506,6.295849483
COc1ccc(CSc2nc(C(C#N)c3ccccc3Cl)c(C)c(=O)[nH]2)cc1,0.51,6.292429824
CC(C(NCCC)=N)=O,0.512861384,6.29
S=C1NCCCCC1,0.512861384,6.29
Cc1cc(C#N)cc(C)c1Oc1nc(NC2CCN(Cc3ccc(C(N)=O)cc3Cl)CC2)ncc1Br,0.519,6.284832642
Cc1cn(C2CC(O)C(C#N)(COP(=O)(O)OP(=O)(O)OP(=O)(O)O)C2)c(=O)[nH]c1=O,0.523,6.281498311
C(=O)(OC)COCCC,0.52480746,6.28
C12N(COC1)CSC2,0.52480746,6.28
O=C1CSCC(=O)O1,0.52480746,6.28
Cc1cc(C)cc(S(=O)(=O)c2c(C(=O)NCC(=O)NCc3ccncn3)[nH]c3ccc(Cl)cc23)c1,0.529,6.276544328
COc1ccc(-c2ccc(C(=O)c3cc(=O)n(O)c(=O)[nH]3)cc2)cc1,0.53,6.27572413
Cc1ccnc([nH]nn2)c12,0.537031796,6.27
N(c1ccccc1)C(=O)C,0.537031796,6.27
Nn1nc(cccc2)c2n1,0.537031796,6.27
O=C1OCc(cncc2)c12,0.537031796,6.27
OC1=C2C(C=CC=C2)=C1O,0.537031796,6.27
Cc1c([C@@H](C)c2c(F)cccc2F)nc(SC2CCCC2)[nH]c1=O,0.54,6.26760624
Cc1cc(C)cc(S(=O)(=O)c2c(C(=O)NC(C)c3ccccc3)[nH]c3ccc(Cl)cc23)c1,0.54,6.26760624
CCCNc1nc(C(OC)c2c(F)cccc2Cl)c(C)c(=O)[nH]1,0.54,6.26760624
COC(=O)CCC/C=C(\c1cccc(C#N)c1)c1cc(C)c(OC)c(C(=O)OC)c1,0.54,6.26760624
COC(c1nc(NC2CCCC2)[nH]c(=O)c1C)c1c(Cl)cccc1Cl,0.54,6.26760624
Cc1cc(C#N)cc(C)c1Oc1nc(NC2CCN(Cc3ccc(S(C)(=O)=O)cc3)CC2)nc2ccn(COCc3ccccc3)c12,0.547,6.262012674
Cc1ccc(-n2c(C)cnc2SCC(=O)Nc2ccc(-c3ccc(CC(=O)O)cc3)cc2Cl)c(Cl)c1,0.549,6.260427656
[O-][n+]1c(cc(N)cc1C)C,0.549540874,6.26
C(=N)(C(C)C)OC,0.549540874,6.26
C(c1ccccc1O)(O)=O,0.549540874,6.26
c1(C(C)(O)C(C)(O)c2ccc(OCCC[N+](C)(C)C)cc2)ccc(OCCC[N+](C)(C)C)cc1,0.549540874,6.26
C1(O)C(C#C)CCCCC1,0.549540874,6.26
C1C(C(C)=O)CC=C(C)C1,0.549540874,6.26
c1c(c(CNCCCNCCCCNCCCN)c(cccc2)c2c3CNCCCNCCCCNCCCN)c3ccc1,0.549540874,6.26
c1c(C)cc(C)[n+]([O-])c1C,0.549540874,6.26
CC1CCOS(=O)O1,0.549540874,6.26
N1C(=O)C(C#N)C(=O)C1=O,0.549540874,6.26
O=S1(CCC(=O)O1)=O,0.549540874,6.26
S1(=O)(=O)OCCCO1,0.549540874,6.26
C1C(=O)NS(=O)(=O)N1,0.549540874,6.26
Cc1c(O)nc(SCC(=O)c2ccc(Cl)cc2)nc1Cc1cccc2ccccc12,0.55,6.259637311
Cc1cc(C)cc(S(=O)(=O)n2c(SCC(=O)Nc3ccc(C)cc3Cl)nc3ccccc32)c1,0.55,6.259637311
COc1cc2nc(Nc3ccc(C#N)cc3)nc(Nc3c(C)cc(/C=C/C#N)cc3C)c2cc1OC,0.55,6.259637311
CC(C)CN(C[C@@H](O)[C@H](Cc1ccccc1)NC(=O)c1cc2ccc(O)cc2oc1=O)S(=O)(=O)c1ccc(N)cc1,0.5544,6.256176778
C(N1NC(C=CC1=O)=O)O,0.562341325,6.25
CC1=NN(C(=O)NC1=O)C,0.562341325,6.25
CN(C(CC(O)C1)CC2)C12,0.562341325,6.25
N=C1SC=NN1,0.562341325,6.25
N12N(CCC1=O)C(=O)CC2,0.562341325,6.25
O(C1=NN(C(=O)C=C1)C)C,0.562341325,6.25
O=C1CCC(CCC2=O)N12,0.562341325,6.25
O1C(CC)=C(O)C(=O)C=C1,0.562341325,6.25
OC1C(C(=O)C1(C)C)(C)C,0.562341325,6.25
Cc1c(Oc2ccccc2OCCn2ccc(=O)[nH]c2=O)cc(N(C)C(=O)CCl)c2ccc(C#N)cc12,0.57,6.244125144
COC(c1nc(SC(C)C)[nH]c(=O)c1C)c1c(F)cccc1F,0.57,6.244125144
[N+]1(C)(C)C(C([O-])=O)CCC1,0.575439937,6.24
C(c1nsnc1C)CO,0.575439937,6.24
CC(C(N(CC)CC)=O)=O,0.575439937,6.24
CC1CN(C(C)C2)SN12,0.575439937,6.24
CCC(N(C(C)(C)C)O)=O,0.575439937,6.24
n1nscc1C(OC)=O,0.575439937,6.24
Oc1on[n+](CSC2)c12,0.575439937,6.24
Cc1cc(C)cc(S(=O)(=O)c2c(C(=O)NCN3CCCCC3)[nH]c3ccc(Cl)cc23)c1,0.581,6.235823868
C(=N)(NC#N)NC#N,0.588843655,6.23
C(CC(C(O)=O)N)C(O)=O,0.588843655,6.23
C1(C)C(C)SC(=O)S1,0.588843655,6.23
C1CC1=C(C(OC)=O)Cl,0.588843655,6.23
Cc1cc(nn(nnc2)c12)C,0.588843655,6.23
N(c1nccnc1)N=O,0.588843655,6.23
N1(C)N(C)C1c2ccccc2,0.588843655,6.23
O=C1C=Cc(cccc2)c2O1,0.588843655,6.23
O=C1CCc(cccc2)c2O1,0.588843655,6.23
O=C1OC(CSC2)C2O1,0.588843655,6.23
O1C(CN(C=CC(=O)N2)C2=O)OCC1CO,0.588843655,6.23
Cc1nc(CCCCCCC(=O)c2ccccc2)n2ncccc12,0.59,6.229147988
Cc1ccc(-c2ccccc2SCC(=O)Nc2ccc(-c3ccc(CC(=O)O)cc3)cc2Cl)c(Cl)c1,0.592,6.227678293
COc1ccc(S(=O)(=O)N(CC(C)C)C[C@@H](O)[C@H](Cc2ccccc2)NC(=O)c2ccc3oc(=O)ccc3c2)cc1,0.5974,6.223734782
C=C(C)[C@H]1CCc2c(c(C)cc(O)c(=O)c2O)C1,0.6,6.22184875
CCC1(c2cccc(Cl)c2)Oc2ccccc2-n2cccc2C1=O,0.6,6.22184875
C(N)(C(O)=O)C(S)(C)C,0.602559586,6.22
c1(C(O)=O)cc(C(c2cc(C(O)=O)c(cc2)O)=C3C=C(C(O)=O)C(=O)C=C3)ccc1O,0.602559586,6.22
C1(O)=CC(=O)N(CCC2)C2=C1,0.602559586,6.22
c1c(C(N(C)O)=O)cccc1,0.602559586,6.22
C1C(NC(=O)C2)C2C3(CC3)C1,0.602559586,6.22
C1c2c(c(C)no2)C(CC1)=O,0.602559586,6.22
C1CC(CC=C)C(=O)N1C=C,0.602559586,6.22
Cc1ncc(c[n+]([O-])cc2)n12,0.602559586,6.22
O=C1OCc(cc[n+]([O-])c2)c12,0.602559586,6.22
Cc1c(N)nc(Nc2ccc(C#N)cc2)nc1Cc1c(F)cccc1F,0.603,6.219682688
C#C[C@]1(CO)O[C@@H](n2cc(C)c(=O)[nH]c2=O)C[C@@H]1O,0.61,6.214670165
C(c1cc(ccc1C)O)(O)=O,0.616595002,6.21
C(c1ccc(C)cc1O)(O)=O,0.616595002,6.21
C(c1nc(ncc1N)C)(O)=O,0.616595002,6.21
C(N1CCCCCC1=O)(=O)C,0.616595002,6.21
C1(=N)C=CN(CCO)C(=O)N1,0.616595002,6.21
C1(C)C(C)(C)C(CC12)CC2=O,0.616595002,6.21
C1(C)C(C)(C)C(CC12)CC2O,0.616595002,6.21
C1(CCl)(CCl)COC1,0.616595002,6.21
C1=CC2C(C(CC2)C1(C)O)O,0.616595002,6.21
C12(C(=O)OCC1)CCCC2=O,0.616595002,6.21
C1C(CCN(CC)CC)(C2CCCCC2)C(=O)NC(=O)C1,0.616595002,6.21
CC1(CC(C)N2C1=NCC2)C,0.616595002,6.21
N1C(=O)C(C(C)=O)C(=O)C1=O,0.616595002,6.21
S1(=O)(=O)OCCCCO1,0.616595002,6.21
COC(c1nc(NC(C)C)[nH]c(=O)c1C)c1c(F)cccc1F,0.62,6.207608311
CC(O)(c1cccc(F)c1)c1ccnc(Nc2ccc(C#N)cc2)n1,0.63,6.200659451
CC1(C)OC(=O)Nc2cccc(Oc3cc(Cl)cc(C#N)c3)c21,0.63,6.200659451
CSc1ccc2c(C)nc(CCCCCCC(=O)c3ccccc3)n2n1.Cl,0.63,6.200659451
[N+]1(C)(C)C(C([O-])=O)CC(O)C1,0.630957344,6.2
C(C(O)=O)#CC(O)=O,0.630957344,6.2
C(C1C(Nc(cccn2)c12)=O)#N,0.630957344,6.2
C(N1CC(CCC2)OC12)CO,0.630957344,6.2
C(N1CC(OC(C)C1)C)CO,0.630957344,6.2
C1(CO)C(O)C(O)C(O)C(OC2C(C(O)C(C3)O)N3CCC2)O1,0.630957344,6.2
C1C\C(=N/O)\C(CN(C)C)C1,0.630957344,6.2
c1cc(c(nccc2)c2)ncc1,0.630957344,6.2
N1(C=O)CCN(C=S)CC1,0.630957344,6.2
N1NC(=S)NC(=O)C1(C)C,0.630957344,6.2
NN1C(Nn(cnn2)c12)=S,0.630957344,6.2
O=C1OC(=O)N(CSC2)C12,0.630957344,6.2
O=S1(C=C(CCCC2)C12)=O,0.630957344,6.2
OC1C2OC(C(C(=O)O3)C2)C13,0.630957344,6.2
CCc1c(C)[nH]c(=O)c(N2CCCCC2)c1Cc1cc(C)cc(C)c1,0.631,6.199970641
C(c1c(c(C)n(CCN2)c12)C)#N,0.645654229,6.19
C1(=O)N(C)COCN1COC,0.645654229,6.19
C1=CC(=NN(C)C2=O)C(=C2)C=C1,0.645654229,6.19
C12C3C(C4C3C1C45NC(N6)=O)C256,0.645654229,6.19
c1c(CC#N)c(C(O)=O)ccc1,0.645654229,6.19
c1cc(NN(C)C(=O)C2)c2cc1,0.645654229,6.19
CC(C(Nc1ccccc1)=N)=O,0.645654229,6.19
CC1(COC(=O)N1)C,0.645654229,6.19
Cc1cc(cc(nnc2C)n12)C,0.645654229,6.19
O=S1CC(OC(=O)O2)C2C1,0.645654229,6.19
OC1=CC(Oc(cccc2)c12)=O,0.645654229,6.19
Oc1ccc(C=CC(=O)O2)c2c1,0.645654229,6.19
OCC1(COC(OC1)(C)C)C,0.645654229,6.19
CCN(c1nc(Nc2ccc(C#N)cc2)nc(Oc2c(C)cc(C)cc2C)n1)N1CCOCC1,0.65,6.187086643
Cc1cc(C)cc(S(=O)(=O)c2c(C(=O)NCCN3CCCC3)[nH]c3ccc(Cl)cc23)c1,0.66,6.180456064
C(C1(CSSC1)N)(O)=O,0.660693448,6.18
C(c1cocc1)(=O)CCC(C)C,0.660693448,6.18
C(c1onc(cccc2)c12)(O)=O,0.660693448,6.18
C(C1SCCCS1)(O)=O,0.660693448,6.18
C(N1NOC(=N)N1)CC,0.660693448,6.18
C(P1(CNC(=O)NC1)=O)N,0.660693448,6.18
C1(C)=CCC(C#N)(CC2)C(C12)O,0.660693448,6.18
c1(NC=O)cccc(C(N)=O)c1,0.660693448,6.18
C1=CC2(CC2)C3C1N(O)C(=O)C3,0.660693448,6.18
C1=CN(C)C(=O)C(C#N)=C1OC,0.660693448,6.18
C12C(CC(O3)C13)C(C(O4)C45)CC25,0.660693448,6.18
C12C(OCC1)=NC(CCO3)C3=N2,0.660693448,6.18
C12C3(C(C4C3C15)C2C45CO)CO,0.660693448,6.18
C1C(C)=CC=NN(C(C2C)=O)C12,0.660693448,6.18
c1c(F)cc(NC(=O)C2=O)c2c1,0.660693448,6.18
c1c(NC=O)ccc(C(N)=O)c1,0.660693448,6.18
CC(N(Cc1ccccc1)O)=O,0.660693448,6.18
n1ccc(SCC(=O)N2)c2c1,0.660693448,6.18
Nc1nc(nc(n(nc2)C)c12)C,0.660693448,6.18
O(c1nnc(C)o1)CC,0.660693448,6.18
O=C1C(C=C(C)C=C(C)N1C)C,0.660693448,6.18
O=C1NC(=Cc(nc(C)n2)n12)C,0.660693448,6.18
Oc1c(ncc(C(OC2)=O)c12)C,0.660693448,6.18
S(C1=NC(ON1)=N)(=O)(=O)C,0.660693448,6.18
Cc1cc(C)cc(S(=O)(=O)n2c(SCC(=O)Nc3ccc(S(N)(=O)=O)cc3)nc3ccccc32)c1,0.67,6.173925197
Cc1ccc(C(=O)CSc2nc(O)c(C)c(Cc3cccc4ccccc34)n2)cc1,0.67,6.173925197
COc1cc(Oc2ccccc2OCCn2ccc(=O)[nH]c2=O)c(C)c2cc(C#N)ccc12,0.67,6.173925197
COc1ccc(Sc2nc(O)c(C)c(Cc3c(F)cccc3F)n2)cc1,0.67,6.173925197
[N+](c1cc(c(C)nc1O)C)([O-])=O,0.676082975,6.17
C(/C)(=C/C=C(\C)/C(O)=O)\C(O)=O,0.676082975,6.17
C(c1cocc1)(=O)CCC(O)C,0.676082975,6.17
C(N1NC(C=CC1=O)=O)CCC,0.676082975,6.17
C1(=O)N(CCC=O)NC(=O)C=C1,0.676082975,6.17
c1(Br)cc(C(c2cc(Br)c(OC)c(C(O)=O)c2)=O)cc(C(O)=O)c1OC,0.676082975,6.17
c1(C(O)=O)cc(C(c2cc(C(O)=O)c(O)c(Cl)c2)CCCCCCCCCC)cc(Cl)c1O,0.676082975,6.17
C1(C)=CC(c2c(N1)ns(nc2O)(O)=O)=O,0.676082975,6.17
C1(C)C(C)(C)C(CC12)CC(=O)N2,0.676082975,6.17
C1(C)C(C)(C)C2CC1\C(=N\O)\C2,0.676082975,6.17
C1(C)CCCC(CCC2CC)N12,0.676082975,6.17
c12n(cnn1)ncc(cccc3)c23,0.676082975,6.17
c1c(C(OC)OC)c(C)ncc1,0.676082975,6.17
C1C(C)(C)C2CC1(C)\C(=N\O)\C2,0.676082975,6.17
C1C(C2C(C3)CON2)N3CCC1,0.676082975,6.17
CC1(CCCC2C1=NOC2O)C,0.676082975,6.17
CC1OC(Nc(c(n[nH]2)C)c12)=O,0.676082975,6.17
CN(C(CCC1)CNC(=O)C2)C12,0.676082975,6.17
N(C(C)C)C(=N)NC#N,0.676082975,6.17
Nc1cccc(cn[nH]2)c12,0.676082975,6.17
O=C1C(CCCC=C)CCCN1,0.676082975,6.17
C1C(=O)NC(CC2C1C)C2(C)C,0.676082975,6.17
Cc1cc(C#N)cc(C)c1Oc1nc(NC2CCC(NCc3ccc([N+](=O)[O-])cc3)CC2)nc2ccsc12,0.69,6.161150909
COCc1cc(Oc2ccccc2OCCn2ccc(=O)[nH]c2=O)c(C)c2cc(C#N)ccc12,0.69,6.161150909
C(/c(ccc(C(N)=N)c1)c1O)=C\c(ccc(c2)C(N)=N)c2,0.691830971,6.16
C(/C(F)(F)F)=N\NC(=S)N,0.691830971,6.16
C(/C1CC1)(\C)=N\OCCC(O)=O,0.691830971,6.16
C(=C\CCNC=O)/[Si](C)(C)C,0.691830971,6.16
C(C)(CCC(C)C(O)=O)C(O)=O,0.691830971,6.16
C(C)(CCC(O)=O)CCC(O)=O,0.691830971,6.16
C(c1cnnc(cccc2)c12)(O)=O,0.691830971,6.16
C(N1N=NNC1=N)=C=C,0.691830971,6.16
C1(=O)OC(C)(CO)C(CCC2)N12,0.691830971,6.16
C1(C(O)C(C)(C)COC1(C)C)=O,0.691830971,6.16
c12c(cccc1)NC(N2)=CC(C)=O,0.691830971,6.16
c1sc(NCC(NO)=O)nn1,0.691830971,6.16
CC(N(OC(CC(C)=O)=O)C)=O,0.691830971,6.16
CCOC\C=N\CC(OCC)=O,0.691830971,6.16
N(\C=N\C(C(OC)=O)(C)C)(C)C,0.691830971,6.16
N(c1ccc(C)cc1)C(=N)NC#N,0.691830971,6.16
N(CC)(CC)C(S)=S,0.691830971,6.16
N1(C(C)=O)CCN(C=S)CC1,0.691830971,6.16
N1(COCC)COCN(C)C1=O,0.691830971,6.16
O(C1OCN(C)CC1(C)C)CC,0.691830971,6.16
O=C1NC(c2c(cccc2)CC3)C13,0.691830971,6.16
O=S(C(CCC1)CC(=O)C2)C12,0.691830971,6.16
O=S1(CC(C(OC23)C=C2)C13)=O,0.691830971,6.16
S(c1ncnc(SC)c1)C,0.691830971,6.16
Cc1nc(CCCCCCC(=O)c2ccccc2)n2nc(-n3ccnc3C)ccc12,0.7,6.15490196
COC(=O)CCC/C=C(/c1ccc(C#N)cc1)c1cc(C)c2onc(OC)c2c1,0.7,6.15490196
O=c1nc(Nc2ccc(-c3cnc4ccccc4c3)cc2)c2cccnc2n1O,0.7,6.15490196
COc1ccc2cc(C(=O)N[C@@H](Cc3ccccc3)[C@H](O)CN(CC(C)C)S(=O)(=O)c3ccc(N)cc3)c(=O)oc2c1,0.7057,6.151379883
[N+](c1cc[n+]([O-])cc1)([O-])=O,0.707945784,6.15
C(C)(C)C(C(C(C(C)C)F)=O)O,0.707945784,6.15
C(c1cc(nnc1O)Cl)(O)=O,0.707945784,6.15
C(O)(C(=O)NN)C(O)C(=O)NN,0.707945784,6.15
C(S\C=C\C(O)=O)CC(O)=O,0.707945784,6.15
C1=CN2C(NC(C)=C2C(C)=O)C=C1,0.707945784,6.15
c1c(C(=O)N(C2=O)O)c2cc(N)c1,0.707945784,6.15
c1cc(C(O)(C)C(=O)N2C)c2cc1,0.707945784,6.15
c1ccc(N2NC(=O)CCC2)cc1,0.707945784,6.15
C1OC(C)(C)OCC1(CO)CO,0.707945784,6.15
C1SCC2(COC2)CSC1,0.707945784,6.15
CC(C(NCc1ccccc1)=N)=O,0.707945784,6.15
ClP1Nc(ncnc2)c2N1,0.707945784,6.15
n1c(\C=C\C(OCC)=O)cccc1,0.707945784,6.15
O=C1CCN(CCC2)CC12,0.707945784,6.15
O=S1C(SC(C)CC1C)C,0.707945784,6.15
O1C(=O)NC(=O)C1c2ccccc2,0.707945784,6.15
S(c1n(cnc1N)C)(=O)(=O)N,0.707945784,6.15
S1(=O)(=O)CC(C(OC)=O)=CC1,0.707945784,6.15
CC(C)(C)c1ccc(N(CC(F)(F)F)C(=O)CCC(=O)Nc2ccc(-c3ccc(OCC(=O)O)cc3)cc2Cl)c(Cl)c1,0.718,6.143875556
Cc1cc(C#N)cc(C)c1Oc1nc(NC2CCN(c3ccccc3)C2)ncc1Br,0.718,6.143875556
Cc1cc(C#N)cc(C)c1Oc1ccnc(S(=O)(=O)CC(=O)Nc2ccc(Cl)cc2)n1,0.72,6.142667504
Cc1nc(CCCCCCC(=O)c2ccccc2)n2nc(-n3ccnn3)ccc12,0.72,6.142667504
CCc1c(C)nc(O)c(NC(=O)CNC(=O)CN)c1Cc1cc(C)cc(C)c1,0.72,6.142667504
C#CCN(C(N(C)CC#C)=O)N=O,0.72443596,6.14
C(N1C(NC(=O)c(con2)c12)=O)C,0.72443596,6.14
C1(=O)c(scc2)c2NC(=O)CC1,0.72443596,6.14
C1(C(CCC)=O)=CN(C)C(=O)C=C1,0.72443596,6.14
c1(NC(\C=C\C(O)=O)=O)[nH]ncn1,0.72443596,6.14
C1(O)(C)CCC(C#N)(CC2)C(C12)O,0.72443596,6.14
c1(O)c(NC(C)=O)c(NC)ccn1,0.72443596,6.14
C1C(O)(C(OC)=O)C(C=C)=CC1C,0.72443596,6.14
CC1(COP(OC)(=O)OC1)C,0.72443596,6.14
N#CCC(N1CCCCCCC1)=O,0.72443596,6.14
N#CCC(N1CCCOCCC1)=O,0.72443596,6.14
O=C1NC(=O)C(C(NC(=O)C2)=O)C12,0.72443596,6.14
c1c(\C=N\O)ccc(OC)c1OC,0.72443596,6.14
Cc1cc(C#N)cc(C)c1Oc1ccnc(S(=O)(=O)CC(=O)Nc2ccc(Br)cc2)n1,0.728,6.137868621
C[C@H]1[C@H](C)Oc2c3c(c4c(-c5ccccc5)cc(=O)oc4c2[C@H]1O)OC(C)(C)C=C3,0.73,6.13667714
Cc1ccc(-n2nncc2SCC(=O)Nc2ccc(-c3ccc(CC(=O)O)cc3)cc2Cl)c(Cl)c1,0.73,6.13667714
CCCN(C)c1nc(C(OC)c2c(Cl)cccc2Cl)c(C)c(=O)[nH]1,0.74,6.13076828
N#Cc1cc(Cl)cc(Oc2cc(OCc3n[nH]c4cccnc34)ccc2Cl)c1,0.74,6.13076828
C(C1C2OC(CC2)C1C(O)=O)(O)=O,0.741310241,6.13
C(CC([O-])=O)(C[N+](C)(C)C)C1CC1,0.741310241,6.13
C1(=O)C(C2(C34)C(C=C2)C3)C4C(=O)C=C1,0.741310241,6.13
C1(C(N(C(C)C)C(C)C)=O)(C)CC1,0.741310241,6.13
c12c(Cn(nnc3)c3C=N1)cccc2,0.741310241,6.13
C12CC(C1(C)C)C\C(=N/O)\C2(C)O,0.741310241,6.13
c1c(Cl)c(NC(=O)C)cc(C)c1,0.741310241,6.13
c1c(nc(nc1N)N(CCO)C)O,0.741310241,6.13
C1C(O)(C(OC)=O)C(C=O)=CC1C,0.741310241,6.13
c1c(OCC(CO)O)ccc(F)c1,0.741310241,6.13
C1CCC2(C(CO)(C)C(=O)O2)CC1,0.741310241,6.13
CC#CC(OCC)(OCC)OCC,0.741310241,6.13
CC(\C(\NNC(N)=O)=N/CCC)=O,0.741310241,6.13
CC1C(NC(CC(=O)NC1=O)=O)=O,0.741310241,6.13
ClCCNC(SCCO)=O,0.741310241,6.13
N12C(C)(OCC1C(C)C)CCC2=O,0.741310241,6.13
NC1Cc(cc(C)cc2C)c12,0.741310241,6.13
Cc1cc(C)cc(S(=O)(=O)c2c(C(=O)NCCN3CCOCC3)[nH]c3ccc(Cl)c(F)c23)c1,0.747,6.126679398
CCC1(c2ccc(C)cc2)Oc2ccccc2-n2cccc2C1=O,0.75,6.124938737
C(/c1ccc(O)cc1)=C(\CCO2)/C2=O,0.758577575,6.12
C(C)(C)(CCC(O)=O)CCC(O)=O,0.758577575,6.12
C(C1=C(SCCC1)N)(=O)OCC,0.758577575,6.12
C(C1=Cc2c(cccc2)OC1=O)(O)=O,0.758577575,6.12
C(CC)(C(O)=O)(C(O)=O)C(C)CC,0.758577575,6.12
C(CC)C(OCC)(OCC)OCC,0.758577575,6.12
C(CCCCCC(O)=O)CC(O)=O,0.758577575,6.12
C(CS\C=C\C(O)=O)CC(O)=O,0.758577575,6.12
C[N+]1(C2CC3)C3C(C(O)C2)C1,0.758577575,6.12
c1(\N=C\N(C)C)ccnc(O)n1,0.758577575,6.12
c1(ccccc1)N2C(=O)CCC(C)=N2,0.758577575,6.12
C1=NC(C(OC)=O)C(C)(O)CS1,0.758577575,6.12
c1c(c(OCC(O)C2)n2n3)c3ccc1,0.758577575,6.12
c1cc(NC(C#N)C(O)C2O)c2cc1,0.758577575,6.12
C1CC(O)C(C(O)C(O)C2CO)N12,0.758577575,6.12
c1nc(NC(C)(CCC2=O)N23)c3cc1,0.758577575,6.12
c1nc(NC(C)(CCC2=O)N23)c3cn1,0.758577575,6.12
N#C\N=C(/NC)\NCc1ccccc1,0.758577575,6.12
N=C1NS(N=C2C1=NON2)(=O)=O,0.758577575,6.12
N1(C)C(N=S(C)(C)=N)=NC(=N)N1,0.758577575,6.12
n1(COCCO)c([N+]([O-])=O)ncc1,0.758577575,6.12
Nc1ns(nc([nH]cn2)c12)(O)=O,0.758577575,6.12
O=C1CCCCCN1c2ncccc2,0.758577575,6.12
O=C1NN2C(=NCC2)c(cccn3)c13,0.758577575,6.12
O=C1NN2C(=NCC2)c(cncc3)c13,0.758577575,6.12
P(N1CC1)(N2CC2)(N3CC3)=S,0.758577575,6.12
S(\C=C\C(O)=O)CCC(=O)OC,0.758577575,6.12
CCOCn1c(C(C#N)c2ccc(-c3ccccc3)cc2)cc(=O)n(O)c1=O,0.76,6.119186408
Cc1ccc(NC(=O)CS(=O)(=O)c2nccc(Oc3c(C)cc(C#N)cc3C)n2)cc1,0.766,6.11577123
O=C(CSc1nnnn1-c1cccc2ccccc12)Nc1ccccc1[N+](=O)[O-],0.766,6.11577123
Cc1ccc(-n2nccc2OCC(=O)Nc2ccc(-c3ccc(CC(=O)O)cc3)cc2Cl)c(Cl)c1,0.77,6.113509275
Cc1cc(C#N)cc(C)c1Oc1ccnc(NC2CCN(c3cccc(C#N)c3)CC2)n1,0.772,6.1123827
Cc1cc(C#N)cc(C)c1Oc1cc(Cl)nc(Nc2ccc(C#N)cc2)c1,0.773,6.111820506
C(c1ncn(C(N(C)N=N2)=O)c12)(=O)N,0.776247117,6.11
C(C1SSC(C(O)=O)C1)(O)=O,0.776247117,6.11
c1(c(nccn2)c2nc(SC)n1)O,0.776247117,6.11
C1(CC)C(C#N)=C(O)NC(O)=C1C#N,0.776247117,6.11
C1(N(C)C(C2CC=CC=C2)(O)CC1)=O,0.776247117,6.11
c12c(scc1)N(C=C(C(N)=O)C2)C,0.776247117,6.11
c1c(C(NNC(C)=S)=O)ccnc1,0.776247117,6.11
c1c(oc(n2)CC(OC)=O)c2ccc1,0.776247117,6.11
C1CC(CN(C)C)C(O)CC1,0.776247117,6.11
CC1=CC(Oc(cc(O)cc2O)c12)=O,0.776247117,6.11
CN1CCN(C)P1c2ccccc2,0.776247117,6.11
N(P1(OCC(C)(C)CN1)=O)(C)C,0.776247117,6.11
Nc1nc(nc(ccc(Cl)c2)c12)N,0.776247117,6.11
O=C1CCCC(OC(CC(=O)O2)C23)=C13,0.776247117,6.11
O=C1N(C(=O)N2C(CC3)CCC3N12)C,0.776247117,6.11
O=S1(C=Cc(cccc2)c2CC1)=O,0.776247117,6.11
O=S1(CC(OC(CC)O2)C2C1)=O,0.776247117,6.11
O1C(CN(C=C(C(=O)N2)C)C2=O)OCC1CO,0.776247117,6.11
P(=O)(OCC)(OCC)\C(\C)=N\O,0.776247117,6.11
P1(c2ccccc2)(=O)CC(C)CC1,0.776247117,6.11
Cc1nc(CCCCCOC(=O)c2ccccc2)n2nc(Cl)ccc12,0.78,6.107905397
Cc1cc(C)cc(S(=O)(=O)c2c(C(=O)NCCC(N)=O)[nH]c3ccc(Cl)c(F)c23)c1,0.783,6.106238238
C/C(=C/CCC(=O)Nc1ccc(-c2ccc(OCC(=O)O)cc2)cc1Cl)c1ccc(C)cc1Cl,0.785,6.105130343
Cc1c(Oc2ccccc2OCCn2ccc(=O)[nH]c2=O)c(C)c2cc(C#N)ccc2c1C,0.79,6.102372909
Cc1cc(C#N)cc(C)c1Oc1nc(NC2CCN(Cc3ccc(Cl)cc3)CC2)ncc1Br,0.793,6.100726813
[N+](c1cccc(CC[N+]([O-])=O)c1)([O-])=O,0.794328235,6.1
[nH]1c(\C=C(/C#N)\P(O)(O)=O)ccc1,0.794328235,6.1
C(/C(O)=O)(\C=C\C(O)=O)=C/C(=O)OC,0.794328235,6.1
C(=C\CCNCCC=C)/[Si](C)(C)C,0.794328235,6.1
C(=O)(CC)ON[N+]([O-])=O,0.794328235,6.1
C(C(O)=O)(C(O)=O)CC#CCCCC,0.794328235,6.1
C(c1ccccc1)N2N=C(C=CC2=O)C,0.794328235,6.1
C(CCCCCNC(=O)C)NC(=O)C,0.794328235,6.1
C(N1CCOC12CCN(C)CC2)CO,0.794328235,6.1
C=CCNC(ON1C(=O)CCC1=O)=O,0.794328235,6.1
C1(C(C)C)N(C(CC(O2)C)=O)C2OC1,0.794328235,6.1
c1(C(NN)=O)c(C)nc(scc2)n12,0.794328235,6.1
C1(C(OC)=O)=NNC(C(OC)=O)=CN1,0.794328235,6.1
C1(N(C(C(C)C)CO2)C2OC(C)=C1)=O,0.794328235,6.1
C1C(C(C(OC)=O)=COC2O)C2CC1,0.794328235,6.1
c1c(C=CC(O2)=O)c2ccc1N,0.794328235,6.1
C1C(C2)CC(CC2C3)(CC13F)C(N)=O,0.794328235,6.1
c1c(Cl)c(NC(=O)C)ccc1OC,0.794328235,6.1
c1cc(N=C(C)N=S2(O)=O)c2cc1,0.794328235,6.1
C1N(CC(NC)=O)CC(=O)N(C)C1=O,0.794328235,6.1
c1nc(ccc(C(=O)C=CN2)c23)c3cc1,0.794328235,6.1
CC1(ON(CC)C(CC(C)CC2)C12)C,0.794328235,6.1
CC1C(C(S(=O)(=O)C2)C12)=O,0.794328235,6.1
N(CC#C)C(ON1C(=O)CCC1=O)=O,0.794328235,6.1
N1(C)c(cccc2)c2C3(C=CCC3)C1=O,0.794328235,6.1
O=C1c2c(N=C(CCC3=O)N13)cccc2,0.794328235,6.1
O=C1NCC(C)(C)OC(C(OC2)=O)=C12,0.794328235,6.1
Oc1ccc(OC(C(OC)=O)C)cc1,0.794328235,6.1
OCC(C[As](O)(O)=O)O,0.794328235,6.1
P(=O)(OC)(OC)N\N=C\C(O)=O,0.794328235,6.1
s1c(NCCCC)nc(C#N)c1N,0.794328235,6.1
Cc1ccc(-c2ncsc2SCC(=O)Nc2ccc(-c3ccc(CC(=O)O)cc3)cc2Cl)c(Cl)c1,0.796,6.099086932
CC1=C(Cc2cc(OS(=O)(=O)[O-])ccc2OS(=O)(=O)[O-])[C@]2(C)CCC[C@@](C)(CC[C@@]3(O)[C@H](C)CC[C@@H]4OC(C)(C)CCC[C@@]43C)[C@H]2CC1.[Na+].[Na+],0.8,6.096910013
Cc1cc(C)cc(S(=O)(=O)c2c(C(=O)NNC(C)C)[nH]c3ccc(Cl)cc23)c1,0.8,6.096910013
Cc1cc(Oc2ccccc2OCCn2ccc(=O)[nH]c2=O)cc2cc(C#N)ccc12,0.8,6.096910013
Cc1ccc(-n2nnnc2SCC(=O)Nc2ccccc2Cl)c(Cl)c1,0.809,6.092051478
[N+](c1nccn1CC(O)COC)([O-])=O,0.812830516,6.09
C(c1c(c(c(C)cc1N(C)C)C=O)C)=O,0.812830516,6.09
C(c1c[nH]c(cccc2)c12)CC(=O)NN,0.812830516,6.09
C(N1CCCC1)(C(C)C)C(C)=C=C,0.812830516,6.09
C1(=O)C=C2C3(CC(N(CCC4)C34)C=C2)O1,0.812830516,6.09
C1(C(C)O)(C)C(=O)NC1CC(OC)=O,0.812830516,6.09
C1(N(C(CC1)=O)OC(N(C)N=O)=O)=O,0.812830516,6.09
c1(N)c2c(n(COCC#C)cn2)ncn1,0.812830516,6.09
c1(N)c2c(ncn2COCC#C)ncn1,0.812830516,6.09
C12CC3C(CC4C3C15)C2C4(C)C5NCC,0.812830516,6.09
C12N(CCC1)S(=O)(=O)CCNC2=O,0.812830516,6.09
c1c(C)c(\C=C(\C2=O)/N=C(C)O2)ccc1,0.812830516,6.09
c1c(cccn2)c2c(O)cc1,0.812830516,6.09
c1cc(C=C(C(C)=O)C(C)=O)ccc1O,0.812830516,6.09
c1ccc([nH]c(C2=NCCS2)n3)c3c1,0.812830516,6.09
c1ccc(\C=C(/C#N)\C(O)=O)cc1OC,0.812830516,6.09
c1ccc(CCN(CCCC)C=O)cc1,0.812830516,6.09
c1nc(nc(CSC2(C)C)n23)c3cc1,0.812830516,6.09
N#C\N=C(/N(C)C)\NCc1ccccc1,0.812830516,6.09
N(C)C(=O)N(CC(NC)=O)CC(O)=O,0.812830516,6.09
N(C1C(C(C(COC2)C23)CC13)Cl)=O,0.812830516,6.09
N(c1ccc(OC(=O)C=C2)c2c1)C(=O)C,0.812830516,6.09
O(c1ccccc1C2=NC(C)(C)CO2)C,0.812830516,6.09
O(C1SCC(OC(=O)O2)C12)C(=O)C,0.812830516,6.09
O=C(CCS\C=C\C(OCC)=O)O,0.812830516,6.09
O=C1c2c(NC(OC(C)C3)=C13)cccc2,0.812830516,6.09
O=C1C2CC(N(C)CC2)c(ccn3C)c13,0.812830516,6.09
O=C1CCC(C(Nc(cccc2)c23)=O)N13,0.812830516,6.09
O=C1N(C(=Nc(c(ccc2)N)c12)C)CC,0.812830516,6.09
O=C1NC(CC=CC2)(CCC3)C123,0.812830516,6.09
S(c1ccc(N)cc1)(=O)(=O)C(O)=O,0.812830516,6.09
S(c1n(cnc1N)C)(=O)(=O)N(C)C,0.812830516,6.09
S=CN1CCN(C(OCC)=O)CC1,0.812830516,6.09
Cc1cc(C#N)cc(C)c1Oc1nc(NC2CCN(Cc3ccc(S(N)(=O)=O)cc3)CC2C(=O)O)nc2ccsc12,0.827,6.08249449
O=C(NCc1ccn[nH]1)c1[nH]c2ccc(Br)cc2c1S(=O)(=O)N1CCCC1,0.829,6.081445469
Cc1cn([C@@H]2C[C@H](CO)[C@@H](O)C2)c(=O)[nH]c1=O,0.83,6.080921908
Cc1cc(C#N)cc(C)c1Oc1nc(NC2CCN(c3cccc(S(C)(=O)=O)c3)CC2)ncc1Br,0.831,6.080398976
C(C1C(CC(CC2)N(C)C12)O)O,0.831763771,6.08
C(C1C=CC(C)C(C(OC2=O)=O)C12)(O)=O,0.831763771,6.08
C(c1ccc(CC(C)C)cc1)(C)C(O)=O,0.831763771,6.08
C(c1n[nH]c(NC(=S)SC2=N)c12)#N,0.831763771,6.08
C(c1onc(cc([N+]([O-])=O)cc2)c12)(O)=O,0.831763771,6.08
C(C1SSC(C(O)=O)CC1)(O)=O,0.831763771,6.08
C(CO)(CC=C)C=C=CCN(C)C,0.831763771,6.08
C(N1OCCCC1c2ccccc2)CO,0.831763771,6.08
C1(\N=C\N(C)C)=NC(=O)N(CCO)C=C1,0.831763771,6.08
C1(C(O)=O)=C\C(=C(\c2cc(C(O)=O)c(c(Cc3cc(C(O)=O)c(cc3)O)c2)O)/c4cc(C(O)=O)c(O)cc4)\C=CC1=O,0.831763771,6.08
c1(C(O)=O)c(OC)c(C(=CCCCCCCCCC)c2c(OC)c(C(O)=O)cc(Br)c2)cc(Br)c1,0.831763771,6.08
C1(C(OC)=O)=CC2C(=O)OC1CC2C#N,0.831763771,6.08
C1(NC(=O)C2(C(=O)NC(=O)CC2)CC1)=O,0.831763771,6.08
c12c(cccc1)N(C)C(=O)C(C)(O)S2,0.831763771,6.08
C12C3(C(C4C3C15)C2C45C(OC)=O)C(O)=O,0.831763771,6.08
c1c(C(OC(C)C)=O)c(\C=N\O)ncc1,0.831763771,6.08
c1c(C)ccc(C=C(C(O)=O)C(O)=O)c1,0.831763771,6.08
c1c(CCC(OC)=O)c(\C=N\O)ncc1,0.831763771,6.08
c1c(CCOC(C)=O)c(\C=N\O)ncc1,0.831763771,6.08
c1c(OC)c(C2CCC(=O)O2)cc(C)c1,0.831763771,6.08
c1c(OC2C3CCO2)c3c(O)cc1OC,0.831763771,6.08
c1cc(C(CP(O)(O)=O)=O)sc1,0.831763771,6.08
N(C12CN(CN(CN3C1)C2)C3)CC(C)C,0.831763771,6.08
n1c(N(CC(O)=O)C(=O)NC2=O)c2[nH]c1,0.831763771,6.08
n1c(ncn2CC(O)CO)c2cnc1N,0.831763771,6.08
n1n(CCc(cccc2)c2)cnc1,0.831763771,6.08
Nc1snc(nccc2)c12,0.831763771,6.08
O(c1cc(ccc1OC)\C=C\C(O)=O)C,0.831763771,6.08
O(c1ccc(NC(=O)C)cc1)C(C)(C)C,0.831763771,6.08
O=C1C(=CC=CC(CC(=O)OC2=O)=C12)O,0.831763771,6.08
O=C1OC(=O)C(CC(C(OC2=O)=O)C23)C13,0.831763771,6.08
P(=O)(OCC)(OCC)C(C1CC1)=O,0.831763771,6.08
c1c(\C=C(/C)\C=C(C#N)C#N)ccc(C)c1,0.831763771,6.08
Cc1sc2nc(-c3ccc([N+](=O)[O-])cc3)[nH]c(=O)c2c1C,0.85,6.070581074
COC(c1nc(NC2CCCC2)[nH]c(=O)c1C)c1c(F)cccc1F,0.85,6.070581074
[Si](C)(C)(C)\C(=C\CCC(OC1C)C)\C1,0.851138038,6.07
C(=C\CCNCCC(C)=C)/[Si](C)(C)C,0.851138038,6.07
C(C(O)=O)(CC=C)CC(C(O)=O)CC=C,0.851138038,6.07
C(C1C(C(CC2=O)C(=O)C12)C(O)=O)(O)=O,0.851138038,6.07
C(c1ccc([As]=O)cc1)(O)=O,0.851138038,6.07
C1(=NOC2(C)COC(C)=O)C2CCCC1,0.851138038,6.07
C1(C(C)C)N(C(C(C)C(O2)C)=O)C2OC1,0.851138038,6.07
c1(NC(CC(NN)=O)=O)c(F)cccc1,0.851138038,6.07
C12(C(=O)N(C)c(cccc3)c13)CCCC=C2,0.851138038,6.07
c1c(\C(=C(/C(OC)=O)\C#N)\CC2)c2ccc1,0.851138038,6.07
C1C(C2)CC(CC2C3)(CC13F)NC(N)=O,0.851138038,6.07
C1C2C(OC(C)(C)O2)CC(COC3=O)C13,0.851138038,6.07
Cc1c(C#N)c(NN=C(C2=O)C)c2cc1C,0.851138038,6.07
Cc1n[nH]c(COC(=O)N2)c12,0.851138038,6.07
N1C(=O)C(CC(C)O)=CN(C(C)=O)C1=O,0.851138038,6.07
O(c1cccc(N)c1N)C,0.851138038,6.07
O=C(C(C(O)=O)(CCC=C)CCC=C)O,0.851138038,6.07
O=C1c2c(cccn2)C(c3ccccc3)O1,0.851138038,6.07
O=C1COC(NCC=C)=C1C(OCC)=O,0.851138038,6.07
O=S1(Cc(cccc2)c12)=O,0.851138038,6.07
Cc1nc(CCCCCCC(O)c2ccccc2)n2nc(Cl)ccc12,0.86,6.065501549
Cc1cc(C)cc(S(=O)(=O)c2c(C(=O)NCN3CCOCC3)[nH]c3ccc([N+](=O)[O-])cc23)c1,0.864,6.063486258
C(/C(=O)OCC)=C\SCCCC(O)=O,0.87096359,6.06
C(C)(CCC(O)=O)(CCC(O)=O)[N+]([O-])=O,0.87096359,6.06
C(c1ccccc1)(N2CCCCCC2=O)=O,0.87096359,6.06
C(c1ccccc1)(N2OC(C=CC23)CC3)=O,0.87096359,6.06
C(c1ccccc1)N2CCCC(=O)NC2=O,0.87096359,6.06
C(c1cnc(C)c(OC(C)(C)OC2)c12)C#N,0.87096359,6.06
C[N+]12C(CCC1)C(CC2)=C,0.87096359,6.06
c1([N+]([O-])=O)c(S(O)(=O)=O)cc(N)cc1,0.87096359,6.06
C1(=O)OC(C)(CO[N+]([O-])=O)C(CCC2)N12,0.87096359,6.06
C1(C(C(CCCC2)C2)=O)=CN(C)C(=O)C=C1,0.87096359,6.06
c1(C(C(NC(C)=O)=O)C(C)=O)ccccc1,0.87096359,6.06
c1(C(NC2=O)C(CC2C3)C3)ccc(cc1)O,0.87096359,6.06
C1(C(O)=O)=NNC(C(O)=O)=CN1,0.87096359,6.06
c1(C)cc(OCC(CO)O)ccc1Cl,0.87096359,6.06
C12C(C(c3ccccc3)=NO1)C(=O)NC2O,0.87096359,6.06
c12c(cc(C)cc1)C(CC(O)=O)=CC(=O)O2,0.87096359,6.06
c1c(C2=NC(C)(C)CO2)c(\C=N\O)ncc1,0.87096359,6.06
c1c(S(O)(=O)=O)ccc(N)c1[N+]([O-])=O,0.87096359,6.06
C1CCN(C(C)(O)C1(c2ccccc2)C3)C3,0.87096359,6.06
CC1S(OCCOS1(=O)=O)(=O)=O,0.87096359,6.06
Clc1cnnc([nH]cn2)c12,0.87096359,6.06
COC(CCS\C=C\C(OCC)=O)=O,0.87096359,6.06
N(N=O)(CCCl)C(=O)NCCCl,0.87096359,6.06
n1(C(CC2)CC2=O)cnc(c(N)ncn3)c13,0.87096359,6.06
N1(C)c(cccc2)c2C(CCC3=O)C3NC1,0.87096359,6.06
O=C1[N+](NC(=O)N1c2ccccc2C)(C)C,0.87096359,6.06
O=C1C=C2C3(CC(C=C2)N(CCCC4)C34)O1,0.87096359,6.06
O=C1C=CC(C)=NN1c2ccc(OC)cc2,0.87096359,6.06
O=C1N(CCC(CCCC2)N2C1)C,0.87096359,6.06
O=C1NNC(CCCC2)C2O1,0.87096359,6.06
O=s1(nc(nc(ncn2C)c12)CC)O,0.87096359,6.06
O=s1(nc(nc(ncn2C)c12)S)O,0.87096359,6.06
O=S1(OC(COS(=O)(=O)C1)C)=O,0.87096359,6.06
P(=O)(OC)(OC)C(c1ccccc1)=O,0.87096359,6.06
P(c1ccccc1)(=O)(N(N)C)N(N)C,0.87096359,6.06
S(c1n(cnc1NC=O)C)(=O)(=O)NC,0.87096359,6.06
S(P(O)(O)=O)CCNCCCN,0.87096359,6.06
Cc1cc(C#N)cc(C)c1Oc1nc(NC2CCN(c3cc(C(N)=O)ccc3Cl)CC2)ncc1Br,0.874,6.058488567
Cc1nc(CCCCCCC(=O)c2ccccc2)n2nc(N)ccc12,0.89,6.050609993
N#Cc1ccc2c(Cl)cc(Oc3ccccc3OCCn3ccc(=O)[nH]c3=O)cc2c1,0.89,6.050609993
C#CCN(C(ON1C(=O)CCC1=O)=O)N=O,0.891250938,6.05
C(C(O)=O)(NC(=O)C)C(C)(C)SN=O,0.891250938,6.05
C(C1(C(NC(=O)NC1OC)=O)F)(=O)OC,0.891250938,6.05
C(C1(c2ccccc2)CCNCC1)#N,0.891250938,6.05
C(C1=C(C2CC2)N3N(CCCC3)C1=O)CO,0.891250938,6.05
C(C1C(Nc(cccc2)c2S1)=O)C(O)=O,0.891250938,6.05
C(C1C(O)C2)(C2C3=O)C(C(CC4O)C1=O)C34,0.891250938,6.05
C(c1csc(CCCCC(=O)N2)c12)(O)=O,0.891250938,6.05
C(C1NC(=O)C(C(=O)C)=C1O)(C)CC,0.891250938,6.05
C[N+]12C(CCC1)C(CC2)C,0.891250938,6.05
c1(\C=C(\C(OCC)=O)/C(O)=O)ccccc1,0.891250938,6.05
C1(=O)C=CC(N2N=CC(=O)NC2=O)OC1C,0.891250938,6.05
c1(c(nc(C)c(n2)C)c2nc(SC)n1)O,0.891250938,6.05
c1(C)c(NC(C(OCC)=O)=O)c(C)ccc1,0.891250938,6.05
c1(Cl)c2c(n(COCC#C)cn2)ncn1,0.891250938,6.05
c1(Cl)c2c(ncn2COCC#C)ncn1,0.891250938,6.05
C1(COC(C)(C)P(c2ccccc2)C1)C,0.891250938,6.05
c12c(ccc(O)c1)C(CC(O)=O)=CC(=O)O2,0.891250938,6.05
C12C3C(C4C3(C(NO)=O)C1C45)C25C(NO)=O,0.891250938,6.05
c1c(C(C2(C3(NC(=O)N2)O)O)=O)c3ccc1,0.891250938,6.05
C1C(C2)CC(CC2C3)(CC13Cl)N,0.891250938,6.05
C1C(CCCC2)N2C(CCC3)N3C1CCC,0.891250938,6.05
c1c(NC(C(OCC)=O)=O)c(C)cc(C)c1,0.891250938,6.05
c1c(NC(C(OCC)=O)=O)c(CC)ccc1,0.891250938,6.05
c1c(OC)ccc(C=C(C(O)=O)C(O)=O)c1,0.891250938,6.05
c1c(OCC(CO)O)ccc(NC(C)=O)c1,0.891250938,6.05
c1c[nH]c(Sc2c([N+]([O-])=O)ncn2C)n1,0.891250938,6.05
c1cc(C(O)=O)c(S\C=C\C(O)=O)cc1,0.891250938,6.05
c1ccc(CCc2ncn(C)n2)cc1,0.891250938,6.05
c1ccc(N(C)C(=O)N2CC3SC3)c2c1,0.891250938,6.05
C1CCCC(O)C(NCCCC)C1,0.891250938,6.05
c1cnc(\C=N\OC(C)=O)c(OC(C)=O)c1,0.891250938,6.05
CC(\C(=N/O)\CC(C1)C(NC(C)=O)(C)C)=C1,0.891250938,6.05
CC1(OC(C(C2C(O)=O)C3C1C2C=C3)=O)C,0.891250938,6.05
COc1ccc(CC(C(O)=O)CC2=O)c2c1,0.891250938,6.05
n1(CC(N)=N)c(C)nc([N+]([O-])=O)c1,0.891250938,6.05
n1c(N(CC(O)=O)C(=O)N(C)C2=O)c2[nH]c1,0.891250938,6.05
n1c(N(CC=C)C(S2)=S)c2c(O)nc1,0.891250938,6.05
NC1=C(N(C(=O)c(cccc2)c12)C)C,0.891250938,6.05
O(c1ccccc1OCC2OC2)CC3OC3,0.891250938,6.05
O=C1C(=CC(=O)NN1c2ccccc2)Cl,0.891250938,6.05
O1c(c(C(=O)N(CC)CC)ccc2)c2OC1,0.891250938,6.05
OC12C3C(C=C1)C(OC(C(=O)N)=C3)OC2=O,0.891250938,6.05
S(=O)(=O)(C)SC,0.891250938,6.05
S1C(=NC(C)(C)CC(=N2)C)N2C(=O)C1C,0.891250938,6.05
s1c(NC(C)=O)nnc1S(C)(=O)=O,0.891250938,6.05
s1c(S(c2ccc(C)cc2)=O)ccc1,0.891250938,6.05
C1C(=O)C=CC(N2CC(C)C(=O)NC2=O)C1,0.891250938,6.05
c1c(C([N+]([CH-]c2ccccc2)=O)C)cccc1,0.891250938,6.05
Cc1cc(C#N)cc(C)c1Oc1nc(NC2CCC(NCc3ccc(C(N)=O)cc3)CC2)nc2ccsc12,0.895,6.048176965
CC(C)(C)N(Cc1ccccc1)C(=O)COC(=O)c1ccc([N+](=O)[O-])o1,0.9,6.045757491
CC(C)c1c(Cc2ccccc2)n(CCCCc2ccc(F)cc2)c(=O)n(O)c1=O,0.9,6.045757491
CC(C)c1c(Cc2ccccc2)n(COCc2cccc(Cl)c2F)c(=O)n(O)c1=O,0.9,6.045757491
Cc1c(Oc2ccccc2OCCn2ccc(=O)[nH]c2=O)cc(CC2CC2)c2ccc(C#N)cc12,0.9,6.045757491
Cc1ccc(S(=O)(=O)n2c(=S)[nH]c3ccc(Cl)cc32)cc1C,0.9,6.045757491
COc1c(C)cc(/C(=C\CCCc2nnc(C)o2)c2cc(C)c3oc(=O)n(C)c3c2)cc1C(=O)SC,0.91,6.040958608
Brc1n(CCN(C)C2=O)c2cc1,0.912010839,6.04
C#CCN(C(NCC#C)=O)N=O,0.912010839,6.04
C(=O)(\C=C\C(O)=O)NNC(=O)\C=C\C(O)=O,0.912010839,6.04
C(C(O)=O)(CC=C)CCC(C(O)=O)CC=C,0.912010839,6.04
C(c1ccc(N)cc1)(=O)Nc2ccccc2N,0.912010839,6.04
C(CC)C(C(C(CCC)N(CC)CC)=O)O,0.912010839,6.04
C(n1cnc(c(nc(F)n2)N)c12)C(O)CO,0.912010839,6.04
C(N1N=CC(Cl)=C(Cl)C1=O)CCl,0.912010839,6.04
C(O)(C(=O)NCC=C)C(O)C(=O)NCC=C,0.912010839,6.04
C=CCN(C(ON1C(=O)CCC1=O)=O)N=O,0.912010839,6.04
C1(=O)OC2(C)C(=C(C(CO2)C)O)C(OC)=C1,0.912010839,6.04
C1(CN)(C(CCC2)C12CO)N3CCOCC3,0.912010839,6.04
c1(ncc(C(NC(OCC)=O)=O)c(O)n1)O,0.912010839,6.04
C12C(OC)(OC)C(C(C(CO)(C)N)C1)C=C2,0.912010839,6.04
C1C(N2C=CC(=O)NC2=O)CC(O)C1CO,0.912010839,6.04
c1cc(N=C(CN(C)CCC2)N2C3=O)c3cc1,0.912010839,6.04
C1CCC2(S(=O)CC(C)=C(C)C2)C(=O)C1,0.912010839,6.04
C1CN(\C=N\C(C)(C)C)C(C)=C1SCC,0.912010839,6.04
ClCCNC(SCC(OCC)=O)=O,0.912010839,6.04
N#CC1=C(\C=C\c2occc2)C(C)(C)OC1=O,0.912010839,6.04
N1(CC(CCO)CO)C=C(C)C(=O)NC1=O,0.912010839,6.04
n1c(Sc2c([N+]([O-])=O)ncn2C)[nH]cn1,0.912010839,6.04
NC(NNC\C(=C(\C(O)=O)/Cl)\Cl)=O,0.912010839,6.04
O(c1ccc(OC)cc1)P2OC(C)CO2,0.912010839,6.04
O=C1c2c(C(=O)N(C(CC34)CC3)N14)cccc2,0.912010839,6.04
O=C1N(C(=O)N(C)C12NC(=O)N(C)C2=O)C,0.912010839,6.04
O=C1N(N=C(OC)c(nccc2)c12)C,0.912010839,6.04
O=C1OCCN1c2ccccc2,0.912010839,6.04
O=S1(CC(N2CCCC2)(CCCC3)C13)=O,0.912010839,6.04
o1c(\C=C(\P(OC)(OC)=O)/C#N)ccc1,0.912010839,6.04
o1cc(\C=C(\P(OC)(OC)=O)/C#N)cc1,0.912010839,6.04
Oc1nc(cc(COC2=O)c12)C,0.912010839,6.04
S(c1n(cnc1N)C)(=O)(=O)NC,0.912010839,6.04
s1cc(C(C(=O)OC(C)(C)O2)C2=O)cc1,0.912010839,6.04
Cc1cc(C#N)cc(C)c1Oc1ccnc(S(=O)(=O)CC(=O)Nc2cc(Cl)cc(Cl)c2)n1,0.918,6.037157319
Cc1cc(C#N)cc(C)c1Oc1nc(NC2CCC(NCc3ccc(F)cc3)CC2)nc2ccsc12,0.919,6.036684489
Cc1cc(Cc2ccc(Cl)c(Oc3ccccc3)c2)n[nH]c1=O,0.92,6.036212173
Cc1cn([C@@H]2O[C@H](CO[Si](C)(C)C(C)(C)C)[C@@]3(OS(=O)(=O)C(Br)=C3N)[C@H]2O[Si](C)(C)C(C)(C)C)c(=O)[nH]c1=O,0.93,6.031517051
[N+](c1cccc(c(c(C(O)=O)cn2)O)c12)([O-])=O,0.933254301,6.03
C(C1(c2cccc(OC)c2)CCN(C)CC1)#N,0.933254301,6.03
C(C1(c2ccccc2)CCN(C)CC1)(=O)CC,0.933254301,6.03
C(C1Cc(cc(OC)c(OC)c2)c12)N,0.933254301,6.03
C(c1ccccc1SS(=O)(=O)C)(O)=O,0.933254301,6.03
C(C1S(OCCOS1(=O)=O)(=O)=O)C,0.933254301,6.03
C(CCCC(=O)C)(CC(O)C)[Si](C)(C)C,0.933254301,6.03
C(CCSCCCCC(O)=O)CC(O)=O,0.933254301,6.03
C(SC)(NC)=C1C(=O)OC(C)(C)OC1=O,0.933254301,6.03
C[P]1(c2ccccc2)CCC(N)=C(C#N)C1,0.933254301,6.03
c1(C(O)=O)c(OC)c(C(=CCCCCCCCCCCCCCCC)c2c(OC)c(C(O)=O)cc(Br)c2)cc(Br)c1,0.933254301,6.03
c1(C)c(NC(CCC(OC)=O)=O)cc(C)cc1,0.933254301,6.03
C1(NN(CCC#N)C(=O)C(Cl)=C1Cl)=O,0.933254301,6.03
C12C(OCC1OC(C(C)(C)C)=O)C(O)CO2,0.933254301,6.03
C12OP(OC(CC3C1)C2)O3,0.933254301,6.03
c1c(C(C2(C3(NC(=O)N2C)O)O)=O)c3ccc1,0.933254301,6.03
C1C(C2(C)C)C2CC(C)(O)C1SCCO,0.933254301,6.03
c1c(c2c([nH]3)c(C)ncc2)c3cc(O)c1,0.933254301,6.03
C1C(CC(CC2(N)C3)CC13C(O)=O)C2,0.933254301,6.03
c1c(CCN(\C=N\C(COC)C)C2)c2ccc1,0.933254301,6.03
c1c[nH]c(C(NC\C=C\C2=CNC(=N)N2)=O)c1,0.933254301,6.03
c1cc(n(C(C)(O)CS2)c2c3C=O)c3cc1,0.933254301,6.03
c1cc(oc(C2C(=O)NC(=O)CC2)n3)c3cc1,0.933254301,6.03
c1cn(CC(c2ccccc2)O)c([N+]([O-])=O)n1,0.933254301,6.03
CC1(SC(N)=N[B-]12OC(CC(=O)O2)=O)C,0.933254301,6.03
CC12C(C1C(O)=O)(C2C(O)=O)c3ccccc3,0.933254301,6.03
CC12CCC(C(C)(C)O1)C=C2N3CCCCC3,0.933254301,6.03
CN1C(NC(C(C(O)C(CO)O2)O)C12)=S,0.933254301,6.03
N(/c1cnc(cccc2)c2c1)=C\c3cnccc3,0.933254301,6.03
N(C1CCCCC1)C(=O)N(N=O)CCCl,0.933254301,6.03
n1(C2C(O)C(O)C(CO)O2)c(NC)nnn1,0.933254301,6.03
O(C1=NCN=C2C1=NC(=CS2)N)C,0.933254301,6.03
O(c1c(ccc(C2=NNC(=O)CC2)c1)OC)C,0.933254301,6.03
O=C1C(=CC(C)=NN1c2ccc(OC)cc2)N,0.933254301,6.03
O=C1NN(CC\C(=N\O)\C)C(=O)C=C1,0.933254301,6.03
O=C1OC(=O)C(C(OC23)C=C2)=C13,0.933254301,6.03
O=C1OCSc(cccc2)c12,0.933254301,6.03
O=S1(CC(N2CCOCC2)(CCC3)C13)=O,0.933254301,6.03
O=S1(OC(C(C)OS(=O)(=O)C1)C)=O,0.933254301,6.03
O=S1(OC(COS(=O)(=O)C1)CC)=O,0.933254301,6.03
O=S1(OCCCCOS(=O)(=O)C1)=O,0.933254301,6.03
O=S1(OCCCOS(=O)(=O)C1C)=O,0.933254301,6.03
O1C(C)\C(=N/O)\C(OC(C)(C)O2)C2C1OC,0.933254301,6.03
OC1C(OC(=O)C=C2)C2OC1c3ccccc3,0.933254301,6.03
Cc1cc(C#N)cc(C)c1Oc1nc(NC2CCC(NCc3cccc(C(N)=O)c3)CC2)nc2ccsc12,0.935,6.029188389
COc1ccccc1CNc1ccnc(Nc2ccc(C#N)cc2)n1,0.936,6.028724151
CCCOCCCNC(=S)Nc1cc(OC)c(Cl)cc1OC,0.94,6.026872146
Cc1cc(C#N)cc(C)c1Oc1nc(NC2CCC(NCc3ccc(Br)cc3)CC2)nc2ccsc12,0.946,6.024108864
Cc1cc(C)cc(S(=O)(=O)c2c(C(=O)NCCOc3ccccc3)[nH]c3ccc([N+](=O)[O-])cc23)c1,0.95,6.022276395
CO[C@H](c1nc(SC(C)C)[nH]c(=O)c1C)c1c(F)cccc1Cl,0.95,6.022276395
[S+](c1ccccc1)(C)C,0.954992586,6.02
C(C1Cc(cc(OC)c(OC)c2)c12)#N,0.954992586,6.02
C(C1CC=CCC12C(NC(=O)NC2=O)=O)(C)C,0.954992586,6.02
C(c1ccccc1)(N(C)C)C(C)=C=C,0.954992586,6.02
C(c1cn(C)c(nccn2)c12)=O,0.954992586,6.02
C(S(=O)(=O)C)S(=O)(=O)OCCCl,0.954992586,6.02
C(S(OCC(=O)OCC)(=O)=O)(F)(F)F,0.954992586,6.02
c1(\C=C\c2ccccn2)ccccc1NC(C)=O,0.954992586,6.02
C1(=O)Cc(nc(CO)c(c2CO)CO)c2CO1,0.954992586,6.02
C1(C(N)=N)=C(O)NC(=O)N(C2CCCCC2)C1,0.954992586,6.02
C1(C)=NC(C)(C)C2CC1C(CC2)(C)NC(=O)C,0.954992586,6.02
C1(C)C(=O)C=CC(N2C=C(F)C(=O)NC2=O)O1,0.954992586,6.02
c1(C)c(C)[n+](nc(C(OC)=O)cc2[O-])c2s1,0.954992586,6.02
C1(C=CC(N2C=C(C)C(=O)NC2=O)OC1C)=O,0.954992586,6.02
C1(Cl)S(=O)(=O)OCCOS1(=O)=O,0.954992586,6.02
C1(COC(C)(C)P(c2ccccc2)(=O)C1)C,0.954992586,6.02
C1(NC2OCCCC2)=NC(N(CCO)C=C1)=O,0.954992586,6.02
C1[N+](CCO)(CCC2)N2CC1,0.954992586,6.02
C1=CC(=O)C(N(C(=O)N2)C=C(F)C2=O)OC1C,0.954992586,6.02
c12c(N=C(C)N(C1=O)c3ccccc3)cccc2,0.954992586,6.02
c12c(NC(=O)C1(Cc3ncccc3)O)cccc2,0.954992586,6.02
C12CC(C3(N(OC(CO)C3)C)C(C1)C4)CC4C2,0.954992586,6.02
c1c([N+]([O-])=O)ccc(C=C(C(O)=O)C(O)=O)c1,0.954992586,6.02
c1c(C2=NC(NN2)=S)cc([N+]([O-])=O)c(O)c1,0.954992586,6.02
c1c(CNCCCCC(C(O)=O)N)cccc1,0.954992586,6.02
c1cc([N+](=O)[C-](c2ccccc2)C(=O)O3)c3cc1,0.954992586,6.02
c1cc(\C=C(/C#N)\C(OCC)=O)oc1[N+]([O-])=O,0.954992586,6.02
c1cc(\C=C(/C#N)\c2ccccc2)oc1[N+]([O-])=O,0.954992586,6.02
c1cc(\C=N\O)ncc1OC(N(CC)CC)=O,0.954992586,6.02
C1CC(N2C(=O)NC(=O)C(C)=C2)CC=C1CO,0.954992586,6.02
c1cc(Sc2c([N+]([O-])=O)ncn2C)ncc1,0.954992586,6.02
c1ccc(N2CCN(C(CCl)=O)CC2)cc1,0.954992586,6.02
c1cnc(N2CCN(C(CCl)=O)CC2)cc1,0.954992586,6.02
c1nc(Sc2c([N+]([O-])=O)ncn2C)ncc1,0.954992586,6.02
C1SCC(C(OCC)=O)(CO)CSC1,0.954992586,6.02
ClC12C(CCCCCC1)=NNC2=O,0.954992586,6.02
COC(CCSSCCC(OC)=O)=O,0.954992586,6.02
N(C(CCN1C=CC(=O)NC1=O)=O)(CC)CC,0.954992586,6.02
N1(C(\C(\C(CC)(CC)C1=O)=N/O)(C=C)CC)O,0.954992586,6.02
N12C(OCC1C(C)C)CCC2=O,0.954992586,6.02
n1c(N(CC(OCC)=O)C(=O)NC2=O)c2[nH]c1,0.954992586,6.02
n1c(Sc2c([N+]([O-])=O)ncn2C)n(C)cc1,0.954992586,6.02
n1c(Sc2c([N+]([O-])=O)ncn2C)n(C)cn1,0.954992586,6.02
n1n(CCc(ccc(OC)c2)c2)cnc1,0.954992586,6.02
O(c1ccccc1)P2(NC(CC(=O)N2)=O)=O,0.954992586,6.02
OC1=C(Br)C(=O)OC1CC(O)=O,0.954992586,6.02
Oc1cc(c(cccc2)c2c(O)c3OC)c3cc1,0.954992586,6.02
P12(Cl)(N(C(=O)N1C)C)N(C)C(=O)N2C,0.954992586,6.02
S(c1ccccc1)(C2C(CC(O3)C23)O)(=O)=O,0.954992586,6.02
S(CCCCSCC(O)=O)CC(O)=O,0.954992586,6.02
Cc1cc(C#N)cc(C)c1Oc1nc(NC2CCN(c3ccccc3C(N)=O)CC2)ncc1Br,0.967,6.014573526
Cc1cc(C)cc(Oc2c(C(C)C)c(=O)[nH]c(=O)n2Cc2ccccc2)c1,0.975,6.010995384
C(/NC#N)(\NCC1OCCC1)=N/c2cnccc2,0.977237221,6.01
C(C(=O)C)(C(=C)C)(CCC(O)=O)CCC(O)=O,0.977237221,6.01
C(C(=O)C)(C(C)C)(CCC(O)=O)CCC(O)=O,0.977237221,6.01
C(C)(C)C(C(C(C(C)C)O)=O)O,0.977237221,6.01
C(C1C(NC(=N)S1)=O)C(O)=O,0.977237221,6.01
C(C1C(SC(ON=CC2=O)N12)(C)C)(=O)OC,0.977237221,6.01
C(C1CCN(C)C(=O)C12OC2)(CC)C(=O)OC,0.977237221,6.01
C(c1cnc(O)nc1O)(C=O)OC(C=O)CO,0.977237221,6.01
C(c1ncn(C(N(CCCl)N=N2)=O)c12)(=O)N,0.977237221,6.01
C(N)(CSC(=O)NC)C(=O)OCC,0.977237221,6.01
C1(=O)c(cccc2)c2NC(=O)CC1,0.977237221,6.01
C1(C(O)=O)(C(C(C1)C2)C=C3P(O)(O)=O)CC23,0.977237221,6.01
C1(C(OC)=O)(C(C)CC(O)=O)CCCCC1=O,0.977237221,6.01
c1(C(OC)=O)ccc(\C=C(\C(=O)O2)/N=C2C)cc1,0.977237221,6.01
C1(C)C(O)CCC(N2C(=O)NC(=O)C(F)=C2)O1,0.977237221,6.01
C1(c2c(OC(C)=CC3=O)c3c(O)cc2O)C(O)CN(C)CC1,0.977237221,6.01
c1(N(C)C(C)=O)c([N+]([O-])=O)c2c(nccc2)cc1,0.977237221,6.01
C1(OS(C)(=O)=O)C(CC2)C(=O)C2(C#N)CC1,0.977237221,6.01
C1=CC(N2C=C(F)C(=O)NC2=O)OC(C1O)C,0.977237221,6.01
c1c(c2c(s3)ncn2CCN(C)C)c3ccc1,0.977237221,6.01
c1c(CC(O)=O)c([N+]([O-])=O)cc(OC)c1OC,0.977237221,6.01
c1c(Cl)ccc(OCC2=NC(=S)NN2)c1,0.977237221,6.01
c1c(F)cc2c(\C(\C(N2)=O)=C(\CCCC3)/C3=O)c1,0.977237221,6.01
C1C(N2C=CC(=O)NC2=O)CSCC1CO,0.977237221,6.01
C1C(NC(=O)C2c3ccc(C(O)=O)cc3)C2CC1,0.977237221,6.01
C1C(O)C(\C=C\C(=C\C(OC)=O)\C)OC(C)O1,0.977237221,6.01
c1cc(nc(c2c([nH]3)cccc2)c34)n4cc1,0.977237221,6.01
C1CCC(=O)C1(C(OC)=O)CCC(OCC)=O,0.977237221,6.01
c1ccccc1CC2C(=O)N(CCC3)C3C(=O)N2,0.977237221,6.01
C1N(CCCNC(C(OCC)=O)=O)CCOC1,0.977237221,6.01
CC1(Oc(ncnc2N)c2C1c3ccccc3)C,0.977237221,6.01
Cc1nn(n(nn2)CCO)c2c1c3ccccc3,0.977237221,6.01
COc1cc(C(CCN)C(N2)=O)c2cc1,0.977237221,6.01
N(CCC(CCN(C)C)=O)(C)C,0.977237221,6.01
N1=C(Sc2c([N+]([O-])=O)ncn2C)SCC1,0.977237221,6.01
n1c(Sc2c([N+]([O-])=O)ncn2C)n(C)nn1,0.977237221,6.01
O(C12C(CC1(OC)OC)C(CCC2)=O)C(=O)C,0.977237221,6.01
O(CC)C(=O)CSc1c([N+]([O-])=O)ncn1C,0.977237221,6.01
O=C1c(cn(n2)Cc3ccccc3)c2N=C(C)O1,0.977237221,6.01
O=S1(CC(N2CCOCC2)(CCCC3)C13)=O,0.977237221,6.01
O1C(c2occ(C(N)=O)n2)C(O)C(O)C1CO,0.977237221,6.01
O1C(CN2C(=O)NC(=O)C(C)=C2)COC1CO,0.977237221,6.01
Oc1nc(nc(CN(C)CO2)c12)c3ccccc3,0.977237221,6.01
S(c1cc(c(O)c(Cl)c1)Cl)(=O)OO,0.977237221,6.01
Cc1cc(C#N)cc(C)c1Oc1ccnc(S(=O)(=O)CC(=O)Nc2cccc(Cl)c2)n1,0.978,6.009661145
COC(=O)/C=C/C1=C(N)[C@@]2(OS1(=O)=O)[C@@H](CO[Si](C)(C)C(C)(C)C)O[C@@H](n1cc(C)c(=O)n(C)c1=O)[C@@H]2O[Si](C)(C)C(C)(C)C,0.98,6.008773924
Cc1cc(C#N)cc(C)c1Oc1nc(NC2CCC(NCc3ccccc3)CC2)nc2ccsc12,0.983,6.007446482
CCCc1cc(Oc2ccccc2OCCn2ccc(=O)[nH]c2=O)c(C)c2cc(C#N)ccc12,0.99,6.004364805
